OID,CID,longitude,latitude
2277,3,-119.3959436,33.363659
5386,3,-121.058635,33.36385716
9237,3,-121.368217,33.36427879
1377,3,-122.4829533,33.36441363
5830,3,-118.7744193,33.36461423
1435,3,-118.1826313,33.36565268
898,3,-118.9298592,33.36645719
9696,3,-122.7154221,33.36704473
4318,3,-121.6559029,33.36788032
7174,3,-118.8230731,33.3685048
5590,3,-120.1590943,33.36899163
695,3,-118.3086711,33.3690361
9282,3,-122.8910999,33.37053694
8033,3,-122.0964591,33.3705654
3711,3,-122.8428409,33.37099055
6443,3,-120.7021208,33.37105445
1098,3,-120.4850631,33.37286053
6714,3,-121.1733176,33.37385377
2535,3,-118.7313452,33.37390273
9477,3,-117.7008888,33.37435747
9610,3,-118.7710841,33.37455985
9556,3,-118.7679825,33.37469433
7992,3,-120.7734477,33.37552176
4933,3,-117.9726088,33.3773857
4740,3,-120.6118757,33.37738753
4409,3,-121.3302877,33.37986704
7872,3,-118.4876205,33.38081074
2404,3,-120.9586292,33.38156769
5406,3,-121.0636014,33.38180944
1530,3,-120.2870529,33.38185479
8310,3,-121.8265895,33.38205759
3121,3,-121.2109892,33.38292525
5235,3,-122.6632627,33.38402716
3858,3,-122.1474417,33.38471195
5367,3,-117.8267298,33.38559744
3384,3,-118.5254819,33.38587087
9132,3,-121.8777806,33.38706762
9323,3,-120.5629719,33.3872754
6409,3,-121.9129293,33.38763764
413,3,-119.3624784,33.38862819
2160,3,-122.7616138,33.38987403
277,3,-121.8552278,33.38992537
1157,3,-120.6425496,33.39219646
8576,3,-119.3626327,33.39237384
3892,3,-121.70065,33.39353648
7165,3,-119.7330269,33.39383903
8512,3,-121.0775745,33.39470439
8893,3,-121.754732,33.39538227
2352,3,-119.8785374,33.39578129
9733,3,-120.1532818,33.39602973
4041,3,-121.8036103,33.3979557
8797,3,-117.6821406,33.39863365
6935,3,-122.093993,33.39987584
5632,3,-119.4352878,33.40042547
174,3,-120.6304619,33.40157696
4915,3,-120.0354636,33.40185822
7519,3,-121.1140017,33.40188354
1886,3,-122.2204982,33.40240551
6488,3,-122.5178314,33.4029707
8976,3,-120.2858111,33.4035812
5668,3,-118.0614078,33.40402403
8256,3,-118.1636839,33.40488641
3084,3,-122.0441499,33.40501378
296,3,-121.4110126,33.40571206
1970,3,-121.9569219,33.4078011
1345,3,-119.1959582,33.40854357
60,3,-122.7896761,33.40903009
1042,3,-117.8371047,33.40987886
6087,3,-119.1080744,33.41089541
4781,3,-119.7971788,33.41196854
7072,3,-120.0363527,33.41216529
6643,3,-120.6504375,33.41394586
2625,3,-120.7320362,33.41421148
5407,3,-121.5208133,33.41495442
6541,3,-120.4072763,33.41528668
6952,3,-117.8102964,33.41560621
4525,3,-118.1533589,33.41597401
2411,3,-118.1864775,33.41620895
377,3,-122.5840545,33.4163178
8602,3,-121.4233996,33.4163611
8469,3,-122.035329,33.41637418
3818,3,-117.9483466,33.41640344
2167,3,-119.9493654,33.41673458
3122,3,-118.1690627,33.41706596
6837,3,-118.572415,33.41716395
7275,3,-120.0681296,33.41721934
3988,3,-121.823672,33.41868274
4854,3,-118.6217649,33.41924188
9979,3,-119.7725716,33.41925491
3497,3,-122.5749884,33.41935123
5479,3,-122.2134232,33.42053272
8582,3,-121.560164,33.42220753
4836,3,-119.4982851,33.42252193
7281,3,-122.9387567,33.42300551
1138,3,-122.2340884,33.42374532
3586,3,-119.7663594,33.42405316
1453,3,-120.8500671,33.42433405
8103,3,-122.7457127,33.42447364
8106,3,-119.2536405,33.42451146
3457,3,-119.4997776,33.42515955
3392,3,-118.1160431,33.42646525
3263,3,-119.6411998,33.42663505
9819,3,-120.0195032,33.42690147
2849,3,-119.0947432,33.42835438
1895,3,-118.2028921,33.42962882
4735,3,-120.4977745,33.43003147
2001,3,-122.5079799,33.43061949
6045,3,-120.8967266,33.4309136
2135,3,-120.6462919,33.43124433
1,3,-122.2662758,33.43302231
6772,3,-120.9161017,33.43303326
1470,3,-118.3562128,33.43338599
3941,3,-119.5802036,33.43344508
4456,3,-117.9785053,33.4338259
7999,3,-118.5732535,33.43497496
1404,3,-121.7367024,33.43509797
3578,3,-121.1121335,33.4370682
2599,3,-121.8310942,33.44070973
1079,3,-121.951815,33.44085618
9769,3,-121.2798539,33.4421464
9307,3,-119.359031,33.44280051
721,3,-117.950265,33.44303287
2417,3,-120.2505347,33.44359393
4562,3,-119.0646491,33.44380521
6718,3,-121.0599351,33.44406498
5916,3,-118.9557384,33.44415926
2911,3,-117.991485,33.44472406
8011,3,-120.117014,33.4452296
3125,3,-119.7248803,33.44533167
7482,3,-118.2649418,33.44641612
7036,3,-121.0094033,33.44743275
5161,3,-119.4994561,33.44789076
2036,3,-120.2379403,33.44964657
1954,3,-119.6301805,33.45045449
7392,3,-119.5087746,33.45095534
2562,3,-122.1225632,33.45152643
7768,3,-120.4532389,33.45322183
2320,3,-120.6251571,33.45339547
5576,3,-118.7379717,33.45351822
4814,3,-118.821121,33.45430166
1950,3,-118.4430886,33.45432797
5318,3,-119.6944631,33.45529854
2007,3,-120.0738094,33.4559613
8296,3,-121.8488007,33.45631147
2865,3,-121.9499066,33.4572212
9121,3,-121.315265,33.4578268
3255,3,-119.4815588,33.45941221
609,3,-122.9304517,33.45965906
6659,3,-121.2284134,33.45989456
6836,3,-122.8819949,33.46016628
2377,3,-117.9293872,33.46054172
9530,3,-118.0884239,33.46358969
10,3,-118.9923048,33.46381452
7090,3,-121.8438679,33.46412228
6060,3,-120.9031697,33.46607892
3177,3,-121.0577126,33.46614226
8528,3,-118.4738762,33.46928623
5641,3,-118.7643915,33.46932407
4796,3,-119.830949,33.46950148
5473,3,-121.676638,33.46956503
5482,3,-118.9840859,33.47023349
5457,3,-120.9003887,33.47043483
2498,3,-121.566713,33.47493436
8839,3,-119.362235,33.47518854
5514,3,-118.661281,33.47540854
3727,3,-120.8312723,33.47568768
8860,3,-119.3609858,33.47570271
496,3,-118.534084,33.47583308
4981,3,-119.8040792,33.47592107
3688,3,-119.012414,33.47593361
4435,3,-120.4664309,33.47594688
2606,3,-121.5842826,33.47608913
6316,3,-119.9581806,33.4761333
1240,3,-118.137978,33.47704348
6416,3,-119.0983525,33.4778496
7984,3,-122.5672129,33.4782598
5028,3,-118.641599,33.47870349
3547,3,-122.2323027,33.47996173
5419,3,-119.1685024,33.48052503
8543,3,-121.1737323,33.48122287
6529,3,-122.3951961,33.48205568
9777,3,-122.2097363,33.4828887
4054,3,-120.8204368,33.4831087
3039,3,-119.641301,33.48327176
808,3,-118.3583749,33.48345144
2297,3,-119.4817159,33.48432105
9780,3,-118.5590169,33.48562467
5156,3,-118.5131833,33.49120759
8319,3,-121.0166481,33.49168611
3314,3,-121.2836868,33.49202965
3057,3,-121.8005491,33.49225689
6423,3,-119.8907931,33.49255442
8427,3,-119.6545976,33.49305151
1529,3,-121.3306131,33.49311881
1807,3,-118.6534876,33.49323905
4429,3,-121.7722934,33.49324546
3710,3,-122.4058938,33.4939354
2433,3,-122.7456858,33.4940837
1324,3,-119.9267676,33.49497425
5813,3,-122.9239814,33.49555928
1885,3,-120.0451578,33.49598767
9554,3,-121.7805276,33.49636489
2335,3,-119.9028107,33.49660693
1898,3,-123.0199329,33.49731653
506,3,-118.1953631,33.49796343
2187,3,-122.624965,33.49900348
6903,3,-120.868508,33.49999628
4953,3,-118.833752,33.50018133
4051,3,-119.1505017,33.50532509
4560,3,-118.5619429,33.50554803
5261,3,-118.0330022,33.50655063
5852,3,-120.2796734,33.50751525
5624,3,-117.9571118,33.50773689
8524,3,-122.6602924,33.50885539
4320,3,-119.6765856,33.51053525
3373,3,-119.5257317,33.51132892
5696,3,-122.4464641,33.51172009
5490,3,-119.2776553,33.51202597
4077,3,-122.6389168,33.51243503
947,3,-120.2964487,33.51383034
9490,3,-121.5268094,33.51388755
3977,3,-118.0085098,33.51431364
3066,3,-119.5316335,33.51604536
9309,3,-122.6742002,33.51924207
4906,3,-120.8686005,33.51987305
7202,3,-119.0324599,33.52009126
9960,3,-119.6538822,33.52327062
4024,3,-121.7773215,33.52375054
6258,3,-118.5187883,33.52388419
3737,3,-119.9526401,33.52392019
5366,3,-121.2262082,33.52508073
2675,3,-119.3975459,33.52530213
3692,3,-121.0036214,33.52563892
8492,3,-119.0854854,33.52574883
5703,3,-120.7069242,33.52627376
9790,3,-121.6447684,33.52702094
4659,3,-120.5499198,33.52810965
4656,3,-118.1909316,33.52993228
9276,3,-119.2515354,33.53017169
1578,3,-120.3889201,33.53073715
7130,3,-119.0669036,33.53150865
2491,3,-120.4350169,33.53159064
8685,3,-121.9350125,33.53205149
6011,3,-118.7166871,33.53442412
1479,3,-119.269008,33.53543711
383,3,-118.1675793,33.53660392
922,3,-122.7624884,33.53671658
2053,3,-120.2595136,33.5379766
5030,3,-118.8750437,33.54094584
3225,3,-122.8083121,33.54098891
660,3,-120.8832995,33.54128859
3331,3,-118.6714973,33.5418955
6096,3,-117.9135529,33.5424298
1000,3,-121.52257,33.54258412
7701,3,-117.9655542,33.54382741
5523,3,-120.5656522,33.546121
4290,3,-121.5882604,33.54721877
4622,3,-120.8917155,33.54967984
772,3,-118.5105524,33.55011498
2002,3,-119.5725389,33.55050137
7253,3,-121.3701252,33.55063267
3366,3,-121.7255117,33.55074081
1632,3,-119.3143468,33.55138237
8224,3,-121.022481,33.55249769
3538,3,-122.055778,33.55252018
5128,3,-119.6070813,33.55266555
266,3,-122.1517899,33.55434477
6701,3,-121.2001131,33.55443515
1718,3,-117.9263573,33.5583988
1637,3,-118.9401387,33.55925715
6598,3,-118.9842292,33.55958618
5817,3,-118.8861269,33.55972863
2484,3,-120.9158345,33.55977755
2179,3,-123.095358,33.55999774
7016,3,-122.8194659,33.56014886
6746,3,-119.6342187,33.56110551
1487,3,-121.5861433,33.56143385
908,3,-119.459142,33.56215501
9435,3,-121.9581635,33.56222409
8527,3,-120.2380974,33.56358613
1188,3,-119.9080489,33.56447831
4011,3,-120.8114813,33.56582484
353,3,-118.4552083,33.56591297
8655,3,-120.3156364,33.56739405
7686,3,-118.2869042,33.56834775
3164,3,-118.7271022,33.56867488
3883,3,-119.3038028,33.56962166
9629,3,-120.5175361,33.56980519
6727,3,-121.7643633,33.57133354
6320,3,-121.2983884,33.5713459
9277,3,-119.8963873,33.57428269
8590,3,-120.827444,33.57460469
274,3,-121.5961321,33.57511003
7101,3,-119.8797694,33.5756815
3750,3,-118.7285496,33.57603496
8464,3,-119.8438337,33.57629308
1130,3,-118.9513468,33.57745867
9617,3,-119.7217147,33.57903115
1507,3,-121.6905304,33.58027576
4032,3,-120.6869622,33.58046374
7182,3,-117.9402263,33.58160444
9068,3,-118.0630456,33.58206594
813,3,-118.8727914,33.5821654
2837,3,-118.6375083,33.58252174
5777,3,-119.2601866,33.58340163
8391,3,-118.7950453,33.58447175
5700,3,-121.231084,33.58517442
9536,3,-118.5162903,33.58568722
3390,3,-118.5369652,33.58731644
235,3,-121.8263988,33.58898329
3582,3,-122.7941062,33.59140294
9324,3,-119.4794533,33.59150234
885,3,-121.918689,33.59166555
9388,3,-119.1571695,33.592965
9632,3,-122.5914813,33.59301046
7373,3,-118.1029351,33.59334517
65,3,-122.4504452,33.59352779
5484,3,-121.0911125,33.59456961
1523,3,-118.5414749,33.59463783
4319,3,-120.8583636,33.59481951
1596,3,-117.8771395,33.59537866
2707,3,-119.2239576,33.59560859
7435,3,-120.309173,33.59633794
8168,3,-122.9242375,33.59678097
7501,3,-121.5471807,33.59716117
3102,3,-121.1992549,33.597626
7466,3,-122.0992446,33.598477
6882,3,-121.0956725,33.59932666
2561,3,-118.7322569,33.60025481
4116,3,-122.5196448,33.60030317
8967,3,-119.954912,33.60057236
3792,3,-119.0609356,33.60102979
2065,3,-118.3867442,33.60110638
3556,3,-119.0919879,33.6020807
3986,3,-122.6724404,33.60213914
3408,3,-122.6169582,33.60218795
9396,3,-118.6908218,33.60229529
7565,3,-121.3142363,33.60336761
1148,3,-121.3677005,33.60351536
7927,3,-120.5894257,33.60409378
8221,3,-119.2596033,33.60430303
5335,3,-122.8703357,33.6048366
6628,3,-120.2473907,33.60728986
598,3,-120.957738,33.60827711
3307,3,-119.050383,33.60931898
7692,3,-121.4779216,33.60939247
2989,3,-122.8116434,33.60973586
1129,3,-120.3413924,33.61185773
8498,3,-118.6122027,33.6124637
2925,3,-120.8811975,33.61348779
8440,3,-122.2539435,33.61372632
1460,3,-119.2969613,33.61421649
840,3,-120.1607812,33.61555078
2518,3,-120.2540684,33.61563374
9434,3,-121.7277176,33.61624151
5517,3,-121.002616,33.61704135
5779,3,-120.4694198,33.61773955
2363,3,-121.6543542,33.62024994
6549,3,-120.1849787,33.6202758
2874,3,-123.116194,33.62030542
7495,3,-118.4771176,33.62033463
9955,3,-121.9204564,33.62146623
4631,3,-119.1237484,33.62242443
807,3,-122.3867183,33.62519831
8055,3,-118.2626058,33.62532727
7853,3,-121.178112,33.62560005
9010,3,-119.9091541,33.62609264
616,3,-118.8730297,33.62797969
2699,3,-120.8296969,33.63047101
7652,3,-118.402445,33.63273973
9084,3,-119.3473652,33.63296871
9796,3,-120.8515732,33.63354299
4680,3,-121.3914581,33.63403644
754,3,-122.2992137,33.6343005
8338,3,-122.8648977,33.63488466
9707,3,-121.33186,33.63549886
9654,3,-121.2830379,33.63653372
4056,3,-118.6608818,33.63723668
5650,3,-122.7633778,33.63744342
2056,3,-121.132797,33.63820968
8077,3,-119.126042,33.6401876
746,3,-121.7667206,33.64055331
7038,3,-121.8578204,33.64071187
9166,3,-119.3409635,33.64079551
7075,3,-120.1804883,33.64145128
1572,3,-122.7601389,33.64416692
6363,3,-120.9454506,33.64541266
6535,3,-121.5106073,33.64547776
3113,3,-119.2232676,33.64733728
5182,3,-119.4066345,33.64917427
6909,3,-121.6159908,33.64998203
6784,3,-119.8205375,33.65177726
5178,3,-118.5649915,33.65183527
2747,3,-118.9799432,33.65380729
6294,3,-118.1910252,33.65460084
4793,3,-119.2766285,33.6551019
8747,3,-121.14355,33.65592666
4231,3,-120.3665902,33.65821347
6689,3,-120.4348733,33.65936397
3793,3,-118.869377,33.65949841
9972,3,-121.5421383,33.66049457
3673,3,-119.8524988,33.66129038
5207,3,-118.3638379,33.66197885
3930,3,-121.2220854,33.66209114
1586,3,-121.1722683,33.66338273
3994,3,-120.2734391,33.663656
3738,3,-118.187765,33.66547712
8745,3,-122.4277693,33.66554277
1332,3,-119.0634324,33.66831487
8355,3,-118.9216031,33.6702208
1385,3,-119.5690353,33.67125005
8913,3,-118.6781876,33.67263556
2552,3,-119.0541563,33.67328177
6861,3,-122.8991689,33.67398388
3787,3,-121.4532517,33.67555975
2788,3,-121.1296677,33.67561625
7037,3,-118.7293799,33.67594239
1229,3,-121.4560184,33.67727188
3748,3,-121.5864254,33.67747416
2631,3,-120.7693785,33.67785195
2792,3,-119.0812474,33.67843847
2706,3,-120.2866486,33.67955728
8451,3,-119.4447645,33.67962834
8358,3,-120.8284262,33.68019693
5549,3,-121.1019647,33.68133014
4713,3,-120.4389648,33.68261307
3666,3,-119.4560013,33.68369643
2700,3,-120.9675185,33.68369808
3681,3,-120.5449489,33.68375172
9054,3,-120.0093505,33.68440827
4651,3,-120.8584918,33.68554999
3678,3,-122.3351029,33.68555698
8541,3,-119.5490407,33.68692537
5205,3,-122.781556,33.68757504
3523,3,-120.1866155,33.68858454
9728,3,-119.6698477,33.68883583
177,3,-120.2568448,33.68931848
9042,3,-120.7331856,33.68954887
9648,3,-119.5382275,33.69025703
1911,3,-120.5676795,33.69068479
1053,3,-122.5615797,33.69096549
3361,3,-119.8513138,33.69300581
4410,3,-120.6977432,33.69499897
5218,3,-119.3556984,33.69566228
7023,3,-123.1792886,33.69688815
8314,3,-120.5419263,33.69745266
886,3,-120.8671765,33.69782001
5147,3,-122.6346201,33.69796851
6165,3,-122.7679276,33.69800731
6088,3,-121.5839629,33.69953943
4715,3,-120.6221696,33.70040542
5289,3,-119.4996521,33.70046525
736,3,-121.2654166,33.7025678
1849,3,-121.5346305,33.70302434
6865,3,-121.0869163,33.70316244
7560,3,-123.0191201,33.7043013
6924,3,-119.3492229,33.70436538
1265,3,-118.7137857,33.70467768
3170,3,-118.109415,33.70471381
4959,3,-118.5037933,33.70548466
2397,3,-120.1450818,33.7077048
8625,3,-122.3226955,33.70786491
6496,3,-122.4443416,33.70812677
2901,3,-119.4165551,33.7098123
9838,3,-118.1682609,33.71204167
9767,3,-121.8683268,33.71226849
3926,3,-122.2905112,33.71333182
7567,3,-120.8462714,33.71333961
33,3,-120.4171033,33.71383246
9550,3,-121.952235,33.71492279
3011,3,-121.2900065,33.71514583
9591,3,-122.5430178,33.7152648
7965,3,-118.2176521,33.71573762
9831,3,-119.8799225,33.71597027
7905,3,-118.5644625,33.71619581
1126,3,-123.076353,33.71623202
7112,3,-121.8060663,33.71712601
3528,3,-118.3764639,33.71785755
510,3,-121.5654838,33.7184784
8800,3,-120.8379427,33.71921038
2252,3,-118.5485142,33.7210828
3115,3,-120.9089043,33.72121176
3981,3,-120.5164956,33.72182467
434,3,-121.543727,33.72311598
4201,3,-120.3828716,33.72312384
4882,3,-121.5163539,33.72358624
7225,3,-118.9716245,33.72491281
4365,3,-122.7714149,33.7253042
8264,3,-121.2223461,33.7267828
1028,3,-119.4281419,33.72778794
3043,3,-122.7650242,33.72803784
7043,3,-120.2873736,33.73007452
9944,3,-121.6014466,33.73196374
2463,3,-118.4610768,33.73204234
9153,3,-119.6203069,33.73343161
753,3,-119.9367038,33.73414032
1972,3,-120.8916774,33.73422688
4330,3,-121.3568942,33.73655354
1336,3,-120.7928768,33.73682293
3751,3,-119.2361531,33.73739866
5735,3,-120.9607309,33.73786444
1106,3,-118.726757,33.73958062
8507,3,-120.5469272,33.73992607
229,3,-120.1411211,33.7401137
6455,3,-118.6087407,33.74021046
1613,3,-119.8914986,33.74054894
4554,3,-121.9200095,33.74073713
7240,3,-118.8508292,33.74305079
9266,3,-122.158407,33.74312787
3811,3,-123.1816231,33.74318601
9296,3,-122.1493237,33.7432327
824,3,-119.5005843,33.74326992
8192,3,-120.8957198,33.74513103
5510,3,-119.3729161,33.74572548
9164,3,-121.6513352,33.74619342
346,3,-121.9186883,33.74699363
9747,3,-122.6317046,33.74782607
3162,3,-120.3749147,33.74936096
6377,3,-120.1267217,33.74963825
8619,3,-119.7965697,33.74997572
7780,3,-119.8302487,33.75056486
5077,3,-120.9870451,33.75065423
303,3,-122.1172076,33.75091262
5211,3,-119.6470621,33.75167766
7621,3,-119.3242871,33.75244852
6932,3,-118.4301996,33.75278026
8030,3,-121.9968714,33.75289991
6285,3,-121.3230732,33.75351713
748,3,-122.7763134,33.75452816
4199,3,-118.5147358,33.75519755
8269,3,-120.2844776,33.75599476
8889,3,-119.4188218,33.75643631
7034,3,-120.9137972,33.75668954
1133,3,-122.288179,33.75747773
5076,3,-122.1523651,33.75770673
5256,3,-119.8676979,33.75804252
9841,3,-119.8094039,33.7591624
2733,3,-119.0261939,33.75985305
975,3,-118.4693129,33.76040216
6074,3,-120.8127857,33.76108194
6980,3,-120.3585845,33.76226557
4396,3,-121.3286731,33.76254854
7020,3,-122.4712607,33.764533
8164,3,-119.9901002,33.765136
816,3,-121.1458027,33.76549471
948,3,-123.236511,33.76620297
7035,3,-119.5272465,33.76691128
7750,3,-120.5205456,33.76735764
3200,3,-122.8261013,33.76745943
3488,3,-121.6082117,33.76937501
3833,3,-121.1506817,33.76971782
797,3,-121.8147673,33.76976589
7054,3,-119.0526453,33.77037237
8361,3,-118.5557703,33.77124327
5853,3,-118.5034099,33.77291476
2862,3,-121.807338,33.77329246
6896,3,-122.258265,33.77395193
9267,3,-120.8110949,33.77495906
2789,3,-123.1774754,33.77511924
3030,3,-119.5585942,33.77603412
7614,3,-121.7709636,33.77642968
9690,3,-119.2302451,33.77646923
1973,3,-122.1821583,33.77683408
5306,3,-122.6157527,33.77713827
4714,3,-120.3206679,33.77753848
6378,3,-123.0093729,33.77815915
9028,3,-121.8399465,33.77912361
5187,3,-121.2635254,33.78104526
4916,3,-122.6723007,33.78142788
1635,3,-120.4285156,33.78143295
100,3,-120.1949032,33.78240844
7733,3,-123.2455718,33.78283995
8700,3,-122.141802,33.78473806
8776,3,-122.3988032,33.7863506
3063,3,-119.8104172,33.78672447
9018,3,-123.073882,33.78718022
784,3,-123.1354182,33.78755291
3773,3,-123.2553397,33.78771358
3827,3,-122.7813858,33.78905096
4983,3,-120.1516861,33.78970657
5333,3,-118.900716,33.79017468
2691,3,-121.6864248,33.79170238
6079,3,-120.280478,33.79307967
3803,3,-120.570253,33.79512306
6332,3,-122.7363531,33.79516116
9980,3,-119.5967829,33.795797
7907,3,-121.2421745,33.79605923
3082,3,-121.457518,33.7966722
9984,3,-121.358294,33.79780236
3723,3,-122.5355509,33.79911859
4132,3,-121.2381648,33.7994186
3939,3,-119.5411532,33.80119384
3834,3,-119.7114568,33.80128377
5568,3,-120.5774643,33.80132305
9397,3,-123.1346691,33.80259724
5692,3,-123.1424578,33.80340839
4106,3,-121.9637209,33.80386429
1520,3,-122.8791396,33.80424466
7382,3,-123.026946,33.80460063
3972,3,-122.1439861,33.804705
9003,3,-119.938817,33.80538407
5136,3,-121.9191454,33.80560892
9484,3,-121.3202306,33.80563034
3364,3,-121.1259405,33.80620584
3187,3,-122.3535079,33.80761779
4145,3,-121.9000068,33.80775801
276,3,-119.6176279,33.80803674
3326,3,-121.3823244,33.80809533
9045,3,-122.4800374,33.80828016
3806,3,-119.2141023,33.80864964
5976,3,-122.8422576,33.80873048
6788,3,-120.4481716,33.81144473
8675,3,-119.3613439,33.81193644
5507,3,-120.2944241,33.81242614
590,3,-121.0184524,33.81273629
5540,3,-121.7053336,33.81322992
5534,3,-121.2775037,33.81392808
5775,3,-121.1572748,33.81472543
7208,3,-119.3787411,33.81640414
8740,3,-119.4852161,33.81745938
5203,3,-120.0811851,33.8181959
1055,3,-119.2811246,33.81869441
774,3,-121.8586258,33.820373
9101,3,-122.9796694,33.82055653
4816,3,-123.2949985,33.82190581
6794,3,-120.5744515,33.82259907
4891,3,-122.4573521,33.82297394
3173,3,-119.7052355,33.82641586
4542,3,-119.7895561,33.82735214
206,3,-120.8203551,33.82853613
9431,3,-121.9428841,33.82928357
7767,3,-118.7410385,33.82955567
849,3,-119.3341211,33.83060888
2724,3,-121.7513422,33.8310942
3812,3,-122.8406648,33.83335547
717,3,-118.3921259,33.8345792
3210,3,-123.0454236,33.83522752
9881,3,-118.7518029,33.83615691
4227,3,-120.8741736,33.8371758
8556,3,-118.9438563,33.83990774
2574,3,-122.4766449,33.84204356
1803,3,-120.6009625,33.84409689
3264,3,-118.8292815,33.84805627
1505,3,-122.3347725,33.84899652
271,3,-119.9590125,33.84904707
2081,3,-118.4842032,33.8498221
2970,3,-121.2474801,33.85182532
2317,3,-119.742656,33.85385271
1642,3,-118.5096547,33.85420062
6954,3,-123.1522442,33.85485311
6823,3,-122.7612139,33.85524461
5125,3,-118.5303705,33.85563605
6669,3,-120.2304257,33.85622386
6803,3,-122.1668259,33.85747155
1979,3,-120.2977981,33.85748461
8456,3,-123.1982854,33.85765537
4989,3,-119.4573727,33.85826687
6398,3,-121.2798091,33.85892426
6833,3,-121.0799511,33.85925797
3344,3,-119.8391368,33.85939253
2442,3,-122.4388729,33.85946948
7042,3,-120.4411269,33.85972763
2547,3,-123.0396741,33.86073002
9884,3,-122.4823467,33.8615129
4439,3,-123.0811084,33.86220762
3664,3,-121.2995355,33.86294379
29,3,-118.9699212,33.86323108
5936,3,-120.2142236,33.86390912
8403,3,-119.5990771,33.86491309
7177,3,-121.8274337,33.86502821
5336,3,-118.8606448,33.86520904
1337,3,-120.208933,33.86669424
7369,3,-120.6098485,33.86750344
3733,3,-118.8757668,33.8677372
4770,3,-121.8361044,33.86783796
633,3,-121.7920501,33.86800216
7531,3,-123.0957068,33.87015209
9692,3,-118.536708,33.87084617
4795,3,-120.9490257,33.87100702
5254,3,-121.7127057,33.87187017
1630,3,-120.6628623,33.87351287
9248,3,-119.539407,33.87405185
6766,3,-118.4756842,33.8741508
8026,3,-118.599271,33.87638829
2466,3,-120.590566,33.87710142
2200,3,-119.4471088,33.87805656
4490,3,-119.5272266,33.87831
5762,3,-121.2826403,33.87879989
6884,3,-121.8709296,33.87925219
1299,3,-119.3256817,33.88002848
1261,3,-121.5383967,33.88091298
4978,3,-122.3159846,33.88199444
360,3,-120.6935974,33.88288594
3984,3,-120.39331,33.88324581
3076,3,-119.8400081,33.8833922
99,3,-122.5945626,33.88810211
5496,3,-119.0997342,33.88827562
7525,3,-123.3269539,33.88940872
4880,3,-123.2608074,33.88982967
9089,3,-122.1495581,33.89096746
9899,3,-122.189096,33.89171565
9053,3,-119.7785071,33.891956
7724,3,-118.4190317,33.89251842
4851,3,-118.6375073,33.89318435
4939,3,-119.5477181,33.89334531
8449,3,-122.4775435,33.89367079
2719,3,-121.1914959,33.89376532
4572,3,-120.3908358,33.89432208
2526,3,-120.7357458,33.89562943
7874,3,-123.0206532,33.89643336
4459,3,-120.0035894,33.89763555
3905,3,-120.5882882,33.89788985
166,3,-119.8726202,33.8992181
6879,3,-119.8038832,33.9006832
2933,3,-123.2065501,33.90076389
6245,3,-122.9756758,33.90239231
5684,3,-120.5959712,33.902632
2374,3,-121.9288361,33.90388106
4595,3,-122.3880741,33.90407877
9095,3,-121.4871165,33.90467266
1535,3,-119.8929548,33.90580635
6675,3,-119.9692167,33.90618867
4178,3,-119.5558783,33.90634553
9635,3,-119.5815978,33.90638916
8337,3,-118.8273632,33.90734994
7971,3,-118.8282659,33.90819423
7350,3,-120.711281,33.90879334
9345,3,-118.6580427,33.91039215
7147,3,-119.7393026,33.91192746
4630,3,-122.6678577,33.91359553
1655,3,-118.9702598,33.91382347
6199,3,-119.6462746,33.91466642
8794,3,-122.1816039,33.9147635
3613,3,-118.4948693,33.91493527
8118,3,-121.5274963,33.91754136
8326,3,-120.0458846,33.91758018
9150,3,-122.5446288,33.91759468
4762,3,-120.8693114,33.91867528
3032,3,-120.3959456,33.91884032
7835,3,-118.9866276,33.91924092
1609,3,-122.7774939,33.92063663
8092,3,-122.8126447,33.92121149
8920,3,-123.3099694,33.92198167
5633,3,-119.1058523,33.92202152
7596,3,-119.4056645,33.92239592
8849,3,-122.2765171,33.9233488
2419,3,-120.2222516,33.92370393
2985,3,-118.5278302,33.92371478
2832,3,-119.1776014,33.9240547
9354,3,-118.6484673,33.92423783
5761,3,-119.9925126,33.92433763
6395,3,-123.2504803,33.92534454
2633,3,-120.3799394,33.92694478
6519,3,-119.8307553,33.9271427
8588,3,-121.0558616,33.92837126
3467,3,-122.4076286,33.92881013
7644,3,-120.6489104,33.92885178
7164,3,-119.8923921,33.92899381
7776,3,-122.0690212,33.929325
2696,3,-119.447486,33.9302301
4134,3,-123.3967624,33.93092991
7463,3,-118.6101864,33.93100661
9963,3,-122.8396348,33.93107189
4355,3,-120.6204641,33.93343705
116,3,-119.7910794,33.93350908
6075,3,-120.6524806,33.93437627
6583,3,-119.2072172,33.93517342
4175,3,-120.0907739,33.93591198
6189,3,-121.7472127,33.93627878
74,3,-122.0917315,33.93690475
3914,3,-120.6377623,33.93735787
7308,3,-120.3211199,33.93769716
709,3,-118.5535356,33.93815124
7732,3,-120.7692058,33.93962385
5532,3,-119.1569134,33.94048913
6612,3,-122.6617613,33.94087599
4005,3,-122.0945484,33.94095874
2316,3,-123.1394802,33.94130955
402,3,-122.0369077,33.94182929
3422,3,-120.2611485,33.94433861
1947,3,-119.5056633,33.94576599
5554,3,-122.6122329,33.94631567
2913,3,-118.5845818,33.94834945
5389,3,-118.6592162,33.94930756
1504,3,-120.2896189,33.94998174
4984,3,-120.3592182,33.95037448
4337,3,-122.7450124,33.95125742
8418,3,-118.6931321,33.95172834
9155,3,-119.7596852,33.95326435
9846,3,-121.7659608,33.95395117
6117,3,-120.3523787,33.95485882
5794,3,-121.7411949,33.95643876
7143,3,-118.8536379,33.95795537
5746,3,-118.4978251,33.95994437
4069,3,-123.2560768,33.96101512
7083,3,-118.6909685,33.96102161
9327,3,-119.0741112,33.96125571
1617,3,-119.5764491,33.96126289
9392,3,-118.6890148,33.96181175
5982,3,-119.2091277,33.96185491
5672,3,-120.9464722,33.96246788
3540,3,-118.973677,33.96303566
6699,3,-119.8078261,33.96307387
9292,3,-120.6612972,33.9641328
2716,3,-120.7242546,33.96455735
8199,3,-120.2688277,33.96573841
9716,3,-122.4992966,33.96631282
3765,3,-120.8114853,33.96686768
5956,3,-121.0701851,33.96942848
5919,3,-121.0070677,33.96947648
647,3,-121.8233248,33.97030917
1066,3,-121.6686224,33.97118464
6665,3,-119.9431027,33.97225743
3383,3,-118.8332456,33.97241315
2109,3,-121.4463927,33.97368803
5162,3,-121.6314577,33.97520091
320,3,-120.4921988,33.97542185
2253,3,-119.9492432,33.97703033
4419,3,-122.0408813,33.97736733
6845,3,-121.1738652,33.97755707
8916,3,-122.066863,33.97891257
635,3,-123.0635594,33.98021429
1608,3,-122.155082,33.98037783
6925,3,-123.1780348,33.98221576
702,3,-120.4143206,33.98237376
8392,3,-119.2160162,33.98330817
240,3,-121.9092427,33.98345635
3535,3,-121.0005266,33.98424662
6106,3,-118.9259458,33.98498624
5198,3,-118.928829,33.9854823
5980,3,-119.7491645,33.98598847
7447,3,-122.2502291,33.98635417
9220,3,-119.8852032,33.98682618
8656,3,-120.6389444,33.98717151
6829,3,-121.6741532,33.98753993
2114,3,-119.0916117,33.98775308
8006,3,-120.682148,33.98778832
9218,3,-118.7245949,33.98798075
9110,3,-119.7086281,33.9890292
3132,3,-122.4350564,33.98912209
3741,3,-122.2413815,33.98923978
4902,3,-122.1417902,33.98959256
2663,3,-120.2017719,33.99029041
979,3,-119.6359577,33.99051828
2887,3,-122.4641319,33.99205479
1893,3,-118.7852198,33.99275748
5998,3,-120.4500656,33.99450616
293,3,-119.3706759,33.99467365
551,3,-120.3188006,33.99492723
6928,3,-118.5804434,33.99659872
197,3,-120.0337826,33.99728744
1584,3,-121.9533258,33.99780365
6814,3,-121.7038811,33.99786687
7609,3,-120.3594578,33.99800295
3054,3,-122.9800912,33.99983021
3968,3,-123.0113738,34.00009787
2462,3,-122.6351969,34.00018315
6099,3,-119.8735621,34.00291281
6850,3,-122.0020358,34.00310553
4588,3,-122.7605082,34.00398162
3005,3,-119.902086,34.00421194
5015,3,-119.9731171,34.00468312
6150,3,-121.0298153,34.00508847
1461,3,-123.4549224,34.00613894
2545,3,-121.7075766,34.00800351
5796,3,-123.0648033,34.00853942
399,3,-122.8797673,34.00953113
6595,3,-121.7596884,34.0097184
3902,3,-121.2314856,34.01017866
3026,3,-120.6141858,34.0107718
5039,3,-122.4344096,34.01571099
1868,3,-122.0832506,34.0179833
7375,3,-121.8617824,34.01855157
9288,3,-122.3867775,34.01877045
1391,3,-119.1029232,34.01879361
820,3,-118.8447495,34.01942887
6904,3,-121.1601817,34.01986173
5233,3,-120.8478055,34.0202162
6217,3,-123.3814814,34.02080795
7194,3,-120.2951354,34.02091525
6390,3,-122.493093,34.02115075
672,3,-122.815818,34.02120952
5114,3,-118.7408474,34.02167792
3566,3,-119.6581158,34.02281583
2838,3,-118.6075764,34.02286465
4650,3,-122.8571148,34.02298672
5231,3,-122.4328764,34.02537841
4497,3,-120.6715526,34.02891723
9105,3,-121.4334077,34.03057316
4225,3,-119.9079431,34.03232887
3730,3,-123.1863157,34.03268423
1802,3,-121.9067396,34.03288348
3805,3,-119.8652,34.0333122
401,3,-123.2524328,34.03332804
7859,3,-118.6472182,34.03396821
5790,3,-123.4031326,34.03545702
2938,3,-119.5970595,34.03702236
6883,3,-121.6501796,34.03800105
9093,3,-122.256529,34.03803399
6235,3,-122.1357144,34.03854484
5014,3,-118.6568331,34.03900752
5451,3,-118.6201842,34.03919463
533,3,-123.2075605,34.03960576
7213,3,-119.3762387,34.04037364
1139,3,-121.4104418,34.0415185
1755,3,-119.7793109,34.04239393
8222,3,-122.2419711,34.04254325
514,3,-123.4227346,34.04392183
8331,3,-122.0463034,34.04480601
7839,3,-123.1274404,34.04900753
1500,3,-122.6124765,34.05044488
5020,3,-120.88232,34.05093923
6937,3,-120.3187458,34.05132781
2717,3,-122.6748088,34.0513864
5040,3,-120.602494,34.0517668
95,3,-120.1695141,34.05183422
3714,3,-121.138352,34.05492399
9111,3,-120.1173385,34.05585877
2145,3,-119.2321935,34.05586868
5752,3,-119.6679368,34.05617946
2784,3,-122.4786239,34.05657851
9007,3,-119.4464578,34.05780019
6170,3,-121.2437244,34.0583077
9962,3,-120.8189576,34.05892816
81,3,-121.5892641,34.05900792
5488,3,-120.7929402,34.05990881
3337,3,-120.1854072,34.06005518
2964,3,-118.9938376,34.06016361
2801,3,-121.529012,34.060607
2351,3,-119.157689,34.06072303
475,3,-121.4989247,34.06118254
9517,3,-122.9286488,34.06179724
1441,3,-122.0593483,34.06191468
4590,3,-119.3929212,34.06224543
7639,3,-123.4961712,34.06502207
6688,3,-122.6998887,34.06575059
2973,3,-123.2204313,34.066773
5728,3,-119.5600045,34.0703109
6234,3,-120.6820246,34.07178034
265,3,-122.6181123,34.07276794
1606,3,-121.5796706,34.07455588
7329,3,-122.18521,34.07705087
5990,3,-122.74601,34.07721744
6966,3,-122.4943097,34.07781248
4723,3,-121.0128818,34.07803742
4241,3,-121.1303609,34.08062934
7432,3,-120.6057332,34.08075302
4096,3,-120.732527,34.08106802
3791,3,-121.8672535,34.0815022
5618,3,-119.3501371,34.08290306
2236,3,-119.1203821,34.08430804
5423,3,-119.796938,34.08445089
4333,3,-122.3203266,34.08515542
9006,3,-123.0670264,34.08604355
5918,3,-120.8941198,34.08896458
7412,3,-120.0805645,34.09017431
8341,3,-119.5548677,34.09055435
9253,3,-120.1061982,34.09151521
8485,3,-122.4966387,34.0925625
5960,3,-120.015928,34.09299823
9406,3,-122.5447187,34.0945311
9125,3,-121.8797434,34.09500328
8411,3,-121.3191676,34.09538211
8584,3,-122.9834567,34.09540211
2400,3,-120.7575034,34.09601051
4434,3,-119.4281021,34.09819871
3024,3,-120.467567,34.09937185
3060,3,-120.3867678,34.09950645
8172,3,-121.322527,34.10012836
8631,3,-123.2850661,34.10022394
2493,3,-122.8481048,34.10119579
2809,3,-120.22919,34.10157851
8915,3,-119.5510143,34.10163408
6487,3,-122.4626784,34.10186736
6277,3,-123.2709402,34.10193917
7197,3,-120.2885476,34.10343546
2038,3,-120.6249656,34.10435208
1452,3,-123.3553007,34.10455651
3936,3,-122.3620552,34.10549874
6854,3,-119.4946558,34.10656872
7109,3,-122.6164305,34.10674447
7173,3,-121.8875167,34.10678075
1948,3,-119.2455256,34.10716189
5133,3,-119.2058073,34.10807483
4166,3,-122.2200135,34.1093266
7715,3,-120.239063,34.11074117
8853,3,-120.6643464,34.11142411
4074,3,-119.6140724,34.11280636
6756,3,-122.6231869,34.1140853
8480,3,-120.9973321,34.11502571
5327,3,-121.5001011,34.1152618
1063,3,-121.5166413,34.1157044
3798,3,-120.2798452,34.11637772
1831,3,-121.6392629,34.11796582
8457,3,-122.7772764,34.11873846
8059,3,-119.3714294,34.11985705
2227,3,-120.4532521,34.1207169
2067,3,-121.5621899,34.12108805
1036,3,-120.9816666,34.12183007
2401,3,-122.4636657,34.12482135
2011,3,-119.2864496,34.12568559
4401,3,-121.8024345,34.12734304
8671,3,-122.4366519,34.12752883
3570,3,-119.4143223,34.12775261
2327,3,-123.3639795,34.12812016
3667,3,-120.0665214,34.13064367
7413,3,-120.8918824,34.13323498
9958,3,-120.0525926,34.13608431
1674,3,-122.857532,34.13639038
1123,3,-122.2835625,34.13717574
2163,3,-120.1275047,34.13762711
7810,3,-123.5570557,34.13802782
6102,3,-122.7385233,34.13886422
8232,3,-120.380977,34.1391137
2355,3,-120.8286961,34.13950568
4941,3,-119.2841884,34.14121417
5346,3,-122.6493124,34.14151489
220,3,-119.802323,34.14172568
5736,3,-120.8586487,34.14216929
5614,3,-121.7566053,34.14337501
2657,3,-119.5680836,34.1440838
1925,3,-121.545727,34.14541923
2387,3,-123.0789509,34.14624911
5395,3,-120.4035125,34.1482977
1288,3,-120.1678895,34.14851302
7597,3,-122.1198996,34.14980759
2871,3,-120.3924114,34.1500999
9613,3,-122.7207614,34.15182472
4386,3,-121.05991,34.1519413
3752,3,-122.8193246,34.15301421
7376,3,-120.9227732,34.15405282
3448,3,-120.3649801,34.15474292
3928,3,-122.3139248,34.15615148
4425,3,-122.18556,34.15716864
5134,3,-121.7384391,34.15880648
7759,3,-119.9909656,34.15978528
2488,3,-121.6699949,34.16032957
4127,3,-121.0092753,34.16141386
4689,3,-119.3757471,34.16355261
9714,3,-121.4211318,34.16380943
3216,3,-121.6600826,34.16435085
3409,3,-121.589123,34.16507592
1759,3,-120.6136907,34.16601604
1082,3,-119.9877814,34.16625539
368,3,-122.449185,34.16651904
817,3,-121.0543213,34.16779635
8867,3,-121.5709999,34.16875099
3230,3,-120.6875544,34.17025823
7671,3,-119.8868793,34.17059547
3254,3,-119.8398163,34.17063448
7205,3,-120.3379278,34.17116207
4471,3,-119.8956009,34.17490172
4133,3,-121.5234452,34.175486
6578,3,-122.420956,34.17860578
7943,3,-122.0281308,34.18308732
8143,3,-121.1665416,34.18389077
8854,3,-122.521736,34.18467067
1197,3,-121.9050254,34.18495627
7771,3,-122.133037,34.18626984
8820,3,-122.1119934,34.18873402
70,3,-120.8462555,34.19069853
2137,3,-120.6265537,34.19094926
6274,3,-122.02384,34.19107288
9228,3,-120.7463702,34.19194524
8304,3,-123.4599434,34.1921509
1287,3,-123.1695237,34.19293117
4664,3,-121.7906768,34.19371735
583,3,-121.3690992,34.19518519
5528,3,-121.7512887,34.1953038
3153,3,-120.1689676,34.19551136
6820,3,-120.2227101,34.19573102
4629,3,-120.9063756,34.19615977
8661,3,-122.9193281,34.19628337
6203,3,-119.9341368,34.19633796
6485,3,-119.6360591,34.19682102
4279,3,-122.3771082,34.19720035
5292,3,-121.3186276,34.19809982
9352,3,-119.3177193,34.19848528
5300,3,-120.2029816,34.19885567
9280,3,-120.5134597,34.19958072
6240,3,-120.1434336,34.20008832
5269,3,-120.1814439,34.2018946
7492,3,-123.0367025,34.20304187
7930,3,-122.519675,34.20338105
9900,3,-120.6921542,34.20403361
9503,3,-121.2472093,34.20487123
4243,3,-120.0816114,34.20755752
705,3,-122.6604881,34.21013856
5988,3,-122.6898123,34.21072072
7289,3,-122.2592499,34.21102109
770,3,-120.8248771,34.21175299
9293,3,-120.3325994,34.21178447
8237,3,-119.4827633,34.21198666
8020,3,-121.9136423,34.21327895
5883,3,-119.3395944,34.21346715
4376,3,-119.7518544,34.2136773
2066,3,-121.0803105,34.21422809
7972,3,-120.1242196,34.21457476
9848,3,-120.0623298,34.21474814
6504,3,-121.2522601,34.21535213
9009,3,-120.0140784,34.21538949
2709,3,-119.6872245,34.21570756
9935,3,-121.7801529,34.2160714
8074,3,-123.0359593,34.21674072
3046,3,-122.8689976,34.21741795
3413,3,-123.113835,34.21752883
3654,3,-123.3032526,34.21882022
1857,3,-119.3286667,34.21915212
6927,3,-123.0450709,34.22476824
3500,3,-119.9397862,34.22845467
1843,3,-122.3585279,34.22906043
8188,3,-120.6411626,34.2294264
7537,3,-120.8695998,34.23000499
8148,3,-119.8099252,34.23098996
5694,3,-120.9029362,34.23139395
7122,3,-122.7657873,34.23202986
2454,3,-122.7493655,34.23256528
7162,3,-122.5873187,34.23273489
7659,3,-121.1096221,34.23309997
5449,3,-119.3501715,34.23335713
2690,3,-122.3370439,34.23368271
2583,3,-122.396415,34.2347682
4863,3,-121.3251612,34.23485846
5755,3,-123.3129648,34.23542157
7220,3,-122.0562438,34.23606233
2289,3,-122.6750194,34.23671076
4111,3,-121.6200455,34.23702879
4329,3,-123.262576,34.2396787
6175,3,-123.5813143,34.2407196
7600,3,-122.4521971,34.24227939
6342,3,-123.3945066,34.24269203
6001,3,-123.3965225,34.24347618
9736,3,-123.4343003,34.24381575
2626,3,-120.0568986,34.24431393
8140,3,-121.6387281,34.24514474
4523,3,-122.5102334,34.24598157
3118,3,-122.8215503,34.24794416
4741,3,-121.288432,34.2499809
4144,3,-121.9330476,34.25066812
3949,3,-121.6866201,34.25162309
1201,3,-123.2970774,34.25337444
1804,3,-123.1233604,34.25447898
8604,3,-121.0518777,34.25674168
5399,3,-123.0365313,34.258194
500,3,-120.5355646,34.25854026
4912,3,-120.4885944,34.2587611
6777,3,-119.5598344,34.25984229
2977,3,-121.9942878,34.26045696
9633,3,-119.5504808,34.262559
456,3,-119.6331463,34.26296984
4308,3,-121.4973329,34.26300224
3983,3,-121.7189691,34.26371812
2881,3,-123.0014075,34.2637466
1760,3,-122.9299061,34.26391602
8733,3,-119.3169722,34.26403609
834,3,-123.163651,34.26562159
8739,3,-123.4112781,34.2668209
2285,3,-122.1889046,34.26714358
5124,3,-122.7965654,34.26901047
6537,3,-119.9476413,34.26932335
7938,3,-121.0432658,34.27107816
159,3,-121.3932496,34.27220359
5385,3,-121.5898081,34.27268371
8730,3,-120.0008683,34.2738663
2388,3,-121.8500434,34.27468855
2441,3,-120.3137877,34.27540755
1699,3,-121.4085191,34.27560862
5635,3,-122.8213301,34.27616972
8635,3,-120.8626524,34.2772824
7804,3,-119.7775152,34.27734579
929,3,-119.3504893,34.27793772
5350,3,-121.0249295,34.27959102
4787,3,-121.5065669,34.27968983
3420,3,-122.5196329,34.28114968
8660,3,-120.6904488,34.28171605
3598,3,-122.990147,34.28569223
9642,3,-123.1443139,34.28643806
2967,3,-122.9947618,34.28660909
7622,3,-120.431405,34.28932211
5273,3,-122.5744747,34.28995197
9850,3,-121.4013869,34.29158473
4819,3,-123.6664253,34.29258467
1475,3,-122.9916095,34.29289835
1627,3,-120.3339471,34.29320407
2770,3,-121.4136121,34.29552832
3289,3,-121.4438591,34.29644606
7477,3,-122.3830032,34.29673978
2513,3,-123.4437457,34.29686773
5439,3,-120.2896185,34.29722426
2735,3,-121.1264372,34.29722883
7387,3,-121.7086318,34.29753568
9852,3,-122.4568295,34.29761164
4602,3,-122.3770619,34.30003016
9449,3,-120.2714068,34.30041585
4763,3,-122.3296466,34.30078305
8522,3,-122.7200879,34.30163999
6919,3,-119.5559343,34.30185659
6486,3,-121.3903653,34.30253956
7444,3,-122.7857797,34.30624549
6864,3,-120.7957332,34.30734277
7962,3,-119.7960616,34.30817779
3749,3,-121.6590778,34.30879632
6003,3,-119.5357526,34.30930888
9173,3,-121.6547707,34.30951343
7479,3,-121.5534697,34.31058543
9856,3,-119.6899681,34.31091427
7821,3,-120.6892523,34.311844
2028,3,-119.5224964,34.31213136
6467,3,-123.2845516,34.31229773
8968,3,-120.2664833,34.31398202
5905,3,-120.1880024,34.31400778
6910,3,-121.9981121,34.31449529
9768,3,-122.9114619,34.31548794
6629,3,-119.7581297,34.31702542
8564,3,-120.9403845,34.3175398
2366,3,-123.4088493,34.3188763
5948,3,-123.2037366,34.32005985
1306,3,-120.438679,34.32105323
4982,3,-123.6048538,34.32120495
5967,3,-122.6703601,34.3216359
6690,3,-123.495335,34.32171487
3031,3,-123.4187638,34.32201533
1845,3,-119.539575,34.32334999
1085,3,-119.8759285,34.32343924
9932,3,-123.5539159,34.32371655
2816,3,-122.1569584,34.32517435
8340,3,-122.3196228,34.3291571
6514,3,-122.7423759,34.32985179
8159,3,-121.0422832,34.32991148
9040,3,-122.8079008,34.3317303
523,3,-121.4080366,34.33214391
7185,3,-121.6055467,34.33249702
8367,3,-120.6295146,34.33420232
8127,3,-123.3422384,34.33424264
8855,3,-120.1129959,34.33643665
7627,3,-121.3177058,34.33712875
5965,3,-122.1688636,34.3407677
3347,3,-122.3180281,34.34145864
1415,3,-121.9856463,34.34372077
4493,3,-121.0345293,34.34705805
4423,3,-120.3205315,34.3476718
2921,3,-120.6239212,34.34776721
6986,3,-119.8871701,34.34826317
6279,3,-122.1057562,34.34922974
4700,3,-122.1889281,34.3511541
5158,3,-120.5851633,34.35168084
4213,3,-122.0512527,34.35218851
891,3,-122.9885811,34.35220132
4908,3,-120.2890642,34.35259488
606,3,-120.1327002,34.35342676
2687,3,-123.361012,34.35465993
1592,3,-121.5168944,34.35536262
6947,3,-120.2131696,34.35588124
113,3,-121.5634802,34.3560602
4848,3,-123.2390263,34.35628693
2588,3,-123.415033,34.35654099
1717,3,-123.3957719,34.35971162
4498,3,-120.4939363,34.35997648
7504,3,-123.0437629,34.36032285
1872,3,-123.3131126,34.36040791
3963,3,-120.0073287,34.36048249
8299,3,-123.7346731,34.3605789
7334,3,-120.9304488,34.3606288
3491,3,-123.2616611,34.36075579
5654,3,-121.76364,34.36173328
2071,3,-119.4375223,34.36195546
2514,3,-122.6774323,34.36394567
4342,3,-122.3223403,34.36582097
1985,3,-123.7164094,34.36904136
3359,3,-122.5886319,34.36923498
4473,3,-122.1577442,34.36930053
8122,3,-119.4697846,34.37097953
2190,3,-123.1035444,34.37106924
2503,3,-120.138446,34.37407959
3924,3,-121.6565064,34.37415493
9799,3,-123.1335051,34.37504975
9760,3,-121.4174881,34.3755536
3569,3,-120.1025705,34.37565262
7509,3,-122.8700324,34.37719285
9593,3,-121.7523734,34.37723678
3220,3,-123.2898913,34.37751146
3426,3,-120.9616351,34.37806223
9501,3,-123.4634442,34.37928753
1689,3,-122.9119274,34.37944723
4894,3,-120.9094016,34.38045418
1977,3,-123.0745553,34.3818953
8657,3,-121.8993845,34.38323288
5097,3,-121.2063474,34.38357981
4431,3,-122.2415152,34.38557313
6056,3,-120.67537,34.38572828
9441,3,-119.9769799,34.38637725
1731,3,-123.1285225,34.38715315
1894,3,-119.504309,34.38865883
3759,3,-123.6299377,34.38973805
8508,3,-120.049245,34.38999698
9180,3,-121.4937752,34.39034381
5122,3,-123.5228804,34.39040505
2608,3,-122.1149696,34.39073769
2438,3,-120.589375,34.39258049
9149,3,-119.6616544,34.39387696
4667,3,-120.455397,34.393961
8363,3,-122.7401058,34.39488928
8334,3,-121.5300474,34.39642911
4996,3,-120.9931563,34.39702454
7116,3,-123.366967,34.39758958
8957,3,-121.804552,34.39847183
3917,3,-121.5980018,34.39865477
285,3,-123.7684176,34.39909618
1380,3,-122.0702415,34.39952451
7378,3,-121.0951426,34.40054831
5506,3,-122.812357,34.40326462
3682,3,-119.6514283,34.40419489
6880,3,-120.3390102,34.40690134
1870,3,-119.5597099,34.40699447
8723,3,-121.1144765,34.40756969
9167,3,-122.6087241,34.40767854
9430,3,-123.3613639,34.40832959
431,3,-119.9261783,34.40997742
250,3,-123.1808274,34.41009588
5581,3,-123.1133975,34.41091241
8471,3,-119.7893505,34.4128459
5288,3,-121.1827294,34.41296146
7946,3,-122.632497,34.4137084
5930,3,-122.5163268,34.41442665
9917,3,-122.772581,34.41523808
6181,3,-123.2433935,34.41561063
7918,3,-121.3769462,34.41749239
2879,3,-120.1062693,34.421101
5413,3,-123.0503035,34.42202352
1096,3,-122.0899666,34.42224529
9344,3,-120.4571214,34.42227344
7450,3,-123.5251651,34.42402138
1734,3,-121.9146192,34.42495926
5339,3,-121.6396983,34.42575884
7730,3,-122.9899614,34.42595954
1319,3,-122.0479734,34.4262341
2113,3,-122.0093926,34.42651185
4829,3,-123.1490713,34.42844279
8227,3,-120.6023721,34.42870447
2045,3,-121.2631528,34.42915073
5380,3,-123.2077696,34.42943955
8805,3,-122.7380402,34.43083955
126,3,-120.2750323,34.43248258
9305,3,-122.0277351,34.43318513
3045,3,-121.1983596,34.43338884
3306,3,-121.13979,34.43521883
6852,3,-122.7442588,34.43582547
7666,3,-120.6142947,34.43623102
2304,3,-120.5373755,34.43764636
9318,3,-121.9644776,34.43820259
8947,3,-122.1416391,34.43855167
8536,3,-123.5529053,34.43861463
8216,3,-120.037043,34.43886009
3483,3,-120.8597418,34.43983912
118,3,-123.4011976,34.4401797
5747,3,-120.9336071,34.4404329
1464,3,-122.2157061,34.4412546
468,3,-123.2865572,34.44245664
4293,3,-120.9453858,34.44497845
8130,3,-122.2371245,34.44690362
2812,3,-123.2638193,34.44771345
3277,3,-123.4359742,34.44802787
4849,3,-120.6305964,34.45035154
6679,3,-123.243719,34.45122653
7030,3,-123.0116317,34.45241793
2444,3,-122.353987,34.45258608
1243,3,-122.1414993,34.45370373
8398,3,-123.5180136,34.4544393
8453,3,-122.560219,34.45673361
7218,3,-122.7623871,34.45933476
7878,3,-120.6106335,34.46004367
3336,3,-121.5649776,34.46016933
8823,3,-120.5621401,34.46050496
8111,3,-121.6541255,34.46182094
8575,3,-121.7524873,34.46297977
5120,3,-122.6111299,34.46311038
5598,3,-120.7588277,34.46311588
5862,3,-121.5421809,34.46411335
604,3,-121.1083627,34.46513822
1354,3,-120.9796147,34.46527946
977,3,-121.1555905,34.4655918
7514,3,-120.1623302,34.46602704
5495,3,-120.2099939,34.46745796
7169,3,-122.7435919,34.46750453
9226,3,-121.5943329,34.46980634
5533,3,-122.0221596,34.47025959
7549,3,-121.1384781,34.47388093
2408,3,-122.4540319,34.47389486
193,3,-120.1793329,34.47403347
4221,3,-123.1155622,34.47436364
2760,3,-123.0213674,34.47572188
5876,3,-121.390997,34.47757521
3599,3,-123.5330484,34.47762262
4545,3,-122.9968156,34.47769819
1969,3,-122.3041916,34.47883718
5791,3,-120.9819719,34.48169987
5502,3,-121.9680999,34.48290528
9013,3,-121.9556755,34.48311823
438,3,-120.6668562,34.4841881
3142,3,-122.143208,34.48694962
7604,3,-122.1315871,34.49054162
3099,3,-122.2096514,34.49131313
3846,3,-122.0245003,34.49131556
687,3,-123.3733318,34.49153081
3120,3,-122.1110744,34.49207038
7932,3,-121.3915552,34.49252563
7653,3,-121.7015207,34.49253613
9908,3,-123.4793688,34.49494448
6949,3,-121.0907967,34.49542013
1936,3,-122.0669834,34.49765307
9492,3,-123.4695852,34.49928667
8075,3,-123.6891194,34.50035145
2851,3,-123.1222955,34.50180888
3323,3,-122.1954985,34.50417102
9181,3,-123.6311475,34.50522963
5659,3,-120.8813614,34.505283
7188,3,-120.4990572,34.50587138
8073,3,-121.3925652,34.5069818
6349,3,-123.5320296,34.50793192
9627,3,-120.5092093,34.50842604
1177,3,-122.1619733,34.50888368
3992,3,-121.737277,34.51088496
4707,3,-122.087349,34.51230243
1026,3,-121.0881234,34.51277449
5623,3,-123.3732047,34.5129957
4347,3,-123.6680976,34.51321681
9886,3,-122.2560124,34.51452853
83,3,-123.5468544,34.51534732
6645,3,-121.4175785,34.51699499
5243,3,-120.9382675,34.52223958
1023,3,-121.4350168,34.52408528
6057,3,-121.4254557,34.52442975
1553,3,-123.6610355,34.52485908
4474,3,-123.009194,34.52773548
4485,3,-120.563035,34.52803936
7910,3,-121.2157939,34.52814301
7787,3,-122.6833411,34.52840992
1791,3,-121.3087205,34.52989578
7811,3,-121.5939415,34.53203873
1220,3,-120.6603899,34.53323436
386,3,-121.1146798,34.53328104
6627,3,-122.1836359,34.53585238
7735,3,-123.2573183,34.53629672
6875,3,-122.1042612,34.53860928
3290,3,-122.6324748,34.53876607
5025,3,-121.3689249,34.53992622
6670,3,-121.4271837,34.54204697
473,3,-122.2693641,34.54237497
8667,3,-121.7918474,34.54243347
8760,3,-123.1650534,34.54371754
5805,3,-121.3735629,34.54530641
260,3,-121.3379116,34.54532975
3953,3,-122.2430525,34.54576062
9540,3,-120.5547343,34.54630569
1764,3,-123.413743,34.54640131
8019,3,-121.3988693,34.5465264
5340,3,-122.6015869,34.54791058
3029,3,-123.1770091,34.54888564
7778,3,-120.8927983,34.54907806
1937,3,-123.5687418,34.54975857
4363,3,-121.9002462,34.55134676
3502,3,-123.0570265,34.5520269
7347,3,-121.7108946,34.55279097
9782,3,-122.6327183,34.55301279
3514,3,-123.0627179,34.55363218
1652,3,-121.4122911,34.55416247
1034,3,-122.0526058,34.55474698
4451,3,-120.6718839,34.55542999
6698,3,-123.2898922,34.55683751
4344,3,-123.6076481,34.55719719
5828,3,-121.2393565,34.55775719
9454,3,-123.4332474,34.5587869
8297,3,-121.6673994,34.55994974
178,3,-122.6459907,34.55999388
2689,3,-122.0403461,34.56005041
2501,3,-122.2906917,34.56027263
5927,3,-121.0981364,34.56293478
5730,3,-122.9749929,34.56530602
7001,3,-120.9078779,34.56538288
2384,3,-122.5380613,34.56788643
537,3,-122.4476069,34.57067734
2674,3,-123.0356706,34.57083984
828,3,-122.0973126,34.57259156
679,3,-123.6970705,34.57276667
944,3,-123.5203261,34.57558643
3083,3,-120.6415989,34.5766599
7377,3,-121.9091742,34.57678596
6554,3,-123.7479544,34.57701654
4309,3,-122.361213,34.57719811
1432,3,-123.0779777,34.58034245
5511,3,-120.8940186,34.58060628
6422,3,-121.4531209,34.58063914
3885,3,-122.6360127,34.58092674
569,3,-121.1662629,34.58137018
4233,3,-122.5796353,34.58288508
5801,3,-122.7228868,34.58322936
6723,3,-121.1256802,34.58505683
6131,3,-123.2301229,34.58529255
6164,3,-121.9900926,34.58539523
9919,3,-123.8006497,34.5866876
4617,3,-122.4052879,34.5882747
5453,3,-122.9792461,34.5882876
8384,3,-121.0032025,34.58943412
7268,3,-121.025334,34.58950663
1594,3,-122.5304121,34.59011613
5263,3,-122.7488571,34.59146134
9855,3,-123.1745205,34.59245991
8189,3,-123.544443,34.59315014
2280,3,-123.7485465,34.59568857
1834,3,-121.0813387,34.598339
3126,3,-121.6139472,34.59857825
4628,3,-123.4549674,34.5994873
3894,3,-121.4121603,34.60160814
1643,3,-123.7316286,34.60318788
3612,3,-120.7330032,34.60540468
3878,3,-121.4451692,34.60620243
8506,3,-122.1740043,34.60856831
8589,3,-121.0851687,34.60885543
3644,3,-122.3055036,34.6108983
3499,3,-121.6209961,34.61116257
7685,3,-121.3717251,34.61255341
7993,3,-123.2901527,34.61297346
1944,3,-122.476778,34.61330337
9159,3,-120.8880568,34.61418254
5270,3,-121.6650277,34.61521884
3517,3,-123.503438,34.61647559
6358,3,-123.8470293,34.61770549
3308,3,-121.3144612,34.61829268
712,3,-123.0292207,34.61876969
9644,3,-121.4036373,34.61963493
8064,3,-120.6719348,34.61979626
9092,3,-121.7253695,34.62103673
6838,3,-123.2432605,34.62133616
5069,3,-123.023186,34.62154383
5208,3,-123.1108923,34.62304576
4095,3,-123.2824113,34.62469719
4294,3,-121.1829586,34.6257765
881,3,-120.7941469,34.62846445
7551,3,-122.0765146,34.62973258
9959,3,-121.0771361,34.63207577
7446,3,-123.5388311,34.6322334
1618,3,-123.1029043,34.63230934
6515,3,-123.5697474,34.63489453
7014,3,-123.8649211,34.63673129
4035,3,-122.8404522,34.63838375
3257,3,-122.7213816,34.63959463
5999,3,-122.8987766,34.64060295
4188,3,-121.7309393,34.64393642
248,3,-122.5009798,34.64527569
7489,3,-122.9056803,34.64661709
3166,3,-120.8311867,34.64936194
7223,3,-121.0842936,34.65019084
7248,3,-120.9711239,34.65040464
5239,3,-121.6134891,34.65049077
7658,3,-121.1847151,34.65203774
8058,3,-121.0426083,34.65288217
3993,3,-123.517611,34.6533633
1423,3,-122.1297547,34.65546802
8132,3,-123.2964533,34.65573479
9990,3,-122.8530333,34.66395105
1873,3,-120.9485283,34.66479453
7080,3,-121.3711298,34.66740475
8105,3,-122.3198894,34.66749333
2222,3,-123.9756427,34.66915854
874,3,-123.8669428,34.66987446
4450,3,-122.7522512,34.67089316
9535,3,-122.9772397,34.67101038
8902,3,-121.6253332,34.67263005
789,3,-121.8064836,34.6740741
9813,3,-121.1459854,34.674258
3842,3,-121.9278127,34.67521963
5858,3,-123.8181572,34.67899019
9036,3,-121.7407533,34.67993834
7572,3,-121.2979266,34.68191458
2077,3,-122.6218046,34.68234471
6013,3,-122.5599085,34.68287677
2678,3,-123.2164589,34.68413234
6227,3,-123.6840056,34.68568356
2469,3,-122.544863,34.68641434
8463,3,-121.9620368,34.6875176
8174,3,-123.6672734,34.68767017
4684,3,-122.8217555,34.68863259
9835,3,-121.4780015,34.69178208
2653,3,-121.4212909,34.69280389
7273,3,-120.7649818,34.69291773
375,3,-121.1334838,34.69473222
5885,3,-123.2710348,34.69595562
9514,3,-121.6314474,34.69620855
7819,3,-123.5600968,34.69676847
3276,3,-123.5771511,34.69937667
1952,3,-121.9015658,34.70236691
7228,3,-121.8214339,34.70247558
2840,3,-122.4887157,34.70295918
9764,3,-121.5518038,34.70376649
330,3,-123.6661984,34.70687984
9699,3,-122.0267353,34.70764318
7850,3,-121.3107342,34.70807513
3636,3,-120.8136672,34.70880182
4990,3,-122.1510067,34.71331682
8022,3,-123.0127908,34.71515931
8184,3,-123.6968932,34.7161199
7424,3,-123.1198306,34.71692834
5636,3,-124.0054782,34.72187951
2928,3,-122.265378,34.72197465
2918,3,-122.3476124,34.72373942
286,3,-121.5930228,34.7257349
4495,3,-122.0986802,34.72669529
7355,3,-123.0065092,34.72763914
7790,3,-121.2512275,34.72977719
548,3,-120.947366,34.73115565
8980,3,-122.2573547,34.73138141
9005,3,-122.5312019,34.73173332
2050,3,-121.5002281,34.73296106
4661,3,-120.6599834,34.73393037
6677,3,-123.2008765,34.73501163
3139,3,-122.9294949,34.7352131
8777,3,-123.3473033,34.7369707
3035,3,-121.0666298,34.73935531
7211,3,-121.4063346,34.74004693
4587,3,-121.3951928,34.74058366
9269,3,-121.0557358,34.74504698
1854,3,-120.6701645,34.7461199
3801,3,-120.6975587,34.74620376
408,3,-121.6888967,34.74978641
3002,3,-120.7982142,34.75027044
2151,3,-122.234362,34.75033709
3108,3,-121.3008978,34.75095339
3303,3,-122.994696,34.75118713
4357,3,-121.7196933,34.75791161
9721,3,-122.0838144,34.75897158
2074,3,-123.6560698,34.76203588
3522,3,-123.473852,34.7629541
1912,3,-123.0339218,34.76374944
2927,3,-121.5092967,34.76432456
7027,3,-122.3005376,34.76657013
9347,3,-121.0933604,34.76672397
7740,3,-123.0956919,34.76734423
1737,3,-123.1554988,34.76888247
3952,3,-123.1292966,34.76926134
9552,3,-122.4623835,34.76962488
9657,3,-121.8894951,34.77074185
4428,3,-121.9449874,34.77149918
3095,3,-121.3823373,34.77218532
6768,3,-121.0270355,34.77396892
6180,3,-120.6809459,34.77397764
9221,3,-121.9467978,34.77551002
8726,3,-123.4105623,34.77630723
9510,3,-123.5541218,34.77692839
7941,3,-122.1752552,34.77724169
459,3,-122.6313085,34.77913747
8313,3,-123.9960782,34.78028532
6764,3,-120.768608,34.78345095
217,3,-122.8177062,34.78472148
5080,3,-123.4360274,34.78487345
6847,3,-123.0412823,34.787414
9418,3,-122.7006642,34.79160935
5009,3,-122.0022534,34.79284907
7148,3,-121.2649001,34.79289532
5064,3,-121.0498647,34.79346274
5006,3,-123.2041872,34.79709524
9985,3,-123.6778204,34.79801868
7587,3,-121.8919974,34.79896934
8927,3,-121.6605461,34.79947442
3320,3,-122.2537278,34.80134199
418,3,-121.2717533,34.80258041
5585,3,-122.3841708,34.80437048
4692,3,-121.272292,34.80439751
4535,3,-121.5367652,34.80497358
8679,3,-123.145757,34.80581709
501,3,-122.9125933,34.80622497
6971,3,-123.1159061,34.80637118
6441,3,-120.7550283,34.80704711
9329,3,-120.6808618,34.80835874
768,3,-121.8795973,34.8098346
9383,3,-121.7796422,34.8105605
9346,3,-123.2358912,34.81098929
2861,3,-122.9216342,34.81194734
6034,3,-120.7379224,34.8165677
7326,3,-120.6338488,34.81692038
9953,3,-121.3479073,34.8186297
253,3,-122.0527792,34.81933589
9523,3,-122.0483752,34.82072848
4612,3,-120.6192581,34.82093058
8448,3,-122.2195593,34.82122634
4068,3,-122.5034308,34.82189516
1219,3,-121.1415309,34.82281187
7236,3,-123.1877154,34.82298779
4586,3,-122.8535008,34.8230597
9998,3,-123.7288442,34.82368456
3189,3,-123.6744992,34.82450535
5882,3,-123.0427497,34.82627201
3353,3,-120.6952412,34.82627406
759,3,-120.7517788,34.82648151
3867,3,-124.0466561,34.82869682
6408,3,-120.8897735,34.82948858
6248,3,-121.7060175,34.82960465
8452,3,-121.1274258,34.83078011
8996,3,-122.8074844,34.83112574
4563,3,-121.7543083,34.83290079
7391,3,-123.9975237,34.83447733
3325,3,-123.797861,34.83546605
6887,3,-120.6549527,34.83639125
5410,3,-120.8085828,34.83776747
5808,3,-121.9063527,34.83829298
6498,3,-120.7371174,34.8407113
2558,3,-120.6467769,34.8416729
387,3,-123.1296645,34.84226506
5051,3,-123.4529331,34.84256838
8981,3,-123.7293504,34.84421838
3472,3,-121.0454835,34.8445686
1149,3,-121.6039016,34.8446325
9571,3,-121.3406458,34.84545004
1035,3,-123.8861986,34.84557178
8113,3,-123.0001645,34.84587003
2866,3,-120.6927013,34.84618981
3437,3,-122.386069,34.84730184
3850,3,-121.3522849,34.84731453
8696,3,-122.2303866,34.84910447
2080,3,-122.9961982,34.84941163
7500,3,-123.4176378,34.85054495
4058,3,-122.2705984,34.8541033
1450,3,-122.0910331,34.85858473
3262,3,-121.2482694,34.85881612
6589,3,-121.7657871,34.85906385
9661,3,-120.6041026,34.8591653
8841,3,-121.3991791,34.86269311
8126,3,-123.3745266,34.86309497
8658,3,-122.3680579,34.86466168
2376,3,-123.1902529,34.86546253
2217,3,-121.1675989,34.86555734
327,3,-122.858317,34.86740688
2060,3,-121.2446716,34.86785704
864,3,-122.8464514,34.86844767
1278,3,-122.6271719,34.87162564
7544,3,-124.0792404,34.87342514
2525,3,-123.4525911,34.87716968
2880,3,-123.8583281,34.87919499
8246,3,-121.0274344,34.87930077
8729,3,-122.4718541,34.88087606
1966,3,-121.9144639,34.88128004
7250,3,-122.9671757,34.88261032
5440,3,-122.1210595,34.88344799
3567,3,-121.0041742,34.88649066
9675,3,-121.6652589,34.88771246
1424,3,-122.4081136,34.88799435
5553,3,-121.2040163,34.88935831
3915,3,-121.7952078,34.88973125
4942,3,-122.6090507,34.89164375
4179,3,-121.8565443,34.8959175
6077,3,-123.923465,34.89654509
5686,3,-123.5738696,34.89701555
1398,3,-122.7691396,34.90351161
1595,3,-123.674393,34.90583227
726,3,-123.323835,34.90670655
5582,3,-123.7753931,34.90680163
1417,3,-120.8077697,34.90878213
630,3,-123.7238223,34.90900971
4382,3,-123.8260359,34.90976853
5202,3,-121.6199182,34.90997583
5767,3,-123.6768298,34.91046058
4924,3,-120.9964684,34.91100443
917,3,-123.8708854,34.91129607
4351,3,-120.6792393,34.91138911
3078,3,-120.8428364,34.91433997
6542,3,-121.1161654,34.91518912
5331,3,-120.8736886,34.91620104
7170,3,-122.5895329,34.91641011
3252,3,-122.6217157,34.91825188
6372,3,-122.8651344,34.91859453
7801,3,-120.657058,34.91950446
9992,3,-122.065051,34.92018893
4771,3,-121.4740686,34.92574964
7386,3,-122.8751022,34.92808928
5420,3,-122.9833174,34.92959639
3849,3,-123.0076508,34.9300636
2772,3,-123.7394551,34.93076979
8250,3,-121.4333459,34.93279359
8015,3,-122.8596951,34.93295657
844,3,-121.2516779,34.93303796
7608,3,-123.8060552,34.93305557
7206,3,-121.1378004,34.93487828
8551,3,-124.1332374,34.93557751
9729,3,-122.0520177,34.9373742
9866,3,-121.6707567,34.93752742
7074,3,-123.4555261,34.93894061
2299,3,-121.9482943,34.94158103
1117,3,-121.9698445,34.94207373
7734,3,-123.2750771,34.9423939
4732,3,-121.4432378,34.94242793
8749,3,-122.0673682,34.9433506
4852,3,-124.0135793,34.94502182
6571,3,-122.0493777,34.94546184
2555,3,-122.762308,34.94729164
3964,3,-121.8883833,34.94733622
7411,3,-122.8082775,34.94992216
7359,3,-120.7823469,34.95045409
1353,3,-121.0247327,34.9506569
9775,3,-123.3392924,34.95079014
5150,3,-123.4617129,34.95139185
4358,3,-122.4005914,34.95147613
470,3,-121.0595471,34.95188827
287,3,-121.7844876,34.95204439
2592,3,-120.9256814,34.95257798
8810,3,-122.103565,34.95328083
8676,3,-122.0831544,34.95377197
1823,3,-124.0631332,34.95494233
7040,3,-124.0914604,34.95687299
3505,3,-123.8129388,34.95838627
1621,3,-123.0973419,34.95864038
6196,3,-121.5551494,34.96040924
9753,3,-122.6881182,34.96102768
7141,3,-121.2481554,34.96109989
9580,3,-121.8117835,34.96138638
7263,3,-122.3208378,34.96351253
4391,3,-123.6209708,34.96495233
341,3,-123.7438007,34.96569246
3724,3,-124.0270349,34.96638464
1313,3,-121.3240816,34.96763871
9686,3,-123.6053333,34.96888545
8352,3,-122.7851792,34.97225459
2761,3,-122.6715799,34.97292367
5232,3,-122.2689207,34.97336941
299,3,-121.071067,34.97419017
3610,3,-123.5459419,34.97652727
6897,3,-121.5694031,34.97724526
594,3,-120.6862017,34.97759019
8609,3,-122.7870151,34.98009899
6063,3,-123.1327792,34.98180418
6652,3,-120.7949092,34.98209259
6263,3,-121.1692335,34.98342065
4130,3,-124.0848123,34.98348527
9882,3,-123.8636764,34.98502093
6303,3,-121.5158549,34.9850313
9030,3,-122.5481357,34.98504516
8383,3,-122.2617555,34.98650364
5497,3,-122.3188751,34.98681215
2906,3,-122.155533,34.98709014
5959,3,-123.2795814,34.98768821
19,3,-121.411298,34.99169362
2904,3,-120.6883764,34.99238218
406,3,-122.110203,34.99297657
8158,3,-123.6284294,34.99347629
3772,3,-121.6685362,34.99438635
2338,3,-121.9561632,34.99645589
897,3,-122.6278822,34.99676615
2821,3,-122.3580812,34.99741614
1249,3,-121.2930236,34.99854145
3521,3,-122.7634767,34.99884725
1434,3,-120.786273,34.99893783
1676,3,-123.1628744,35.00054968
3607,3,-121.5513472,35.00111138
5647,3,-124.0060181,35.00237895
9892,3,-124.1763293,35.00424605
6271,3,-123.2874806,35.00569496
5904,3,-121.9187531,35.00594479
6653,3,-122.3695586,35.00601827
2412,3,-121.1549618,35.00637255
7003,3,-122.0005002,35.00651055
9931,3,-121.6863926,35.00651875
1169,3,-122.1893947,35.00865267
1534,3,-122.0030465,35.00880774
6758,3,-121.196762,35.00893097
540,3,-123.2140213,35.00928367
5280,3,-121.841748,35.01004578
7856,3,-122.7266284,35.01111169
3291,3,-123.6300228,35.01140484
5889,3,-122.8426707,35.01341343
7496,3,-123.468127,35.01437395
1077,3,-123.3249611,35.01897426
4088,3,-120.6550381,35.01904439
4742,3,-122.2722583,35.01966381
6722,3,-122.0876021,35.02090768
6544,3,-120.9853088,35.021021
1524,3,-121.8859116,35.02114299
9414,3,-123.8427765,35.02185932
6792,3,-123.3632658,35.02243089
3065,3,-123.1752515,35.02331038
7327,3,-121.1877942,35.02351601
2211,3,-121.4741176,35.02356762
2711,3,-122.5815656,35.02418151
3017,3,-123.6107515,35.02580651
8167,3,-124.0981562,35.02814955
7696,3,-123.8378019,35.02854344
7719,3,-122.594277,35.02971812
2891,3,-120.6939304,35.03144773
9486,3,-121.0982214,35.03295734
2344,3,-122.9726264,35.03409995
6943,3,-122.2002198,35.0346516
4577,3,-122.4009552,35.03577138
7217,3,-123.6107748,35.03673933
8082,3,-121.3138808,35.03930081
3975,3,-122.4801112,35.040296
6968,3,-122.9396645,35.04085658
7438,3,-122.5368946,35.04102493
9933,3,-123.9034258,35.04268972
3823,3,-123.3881627,35.0427514
67,3,-124.1142185,35.04542595
6389,3,-123.9045482,35.04575277
643,3,-122.2563689,35.04651064
5804,3,-123.6956266,35.04828917
3265,3,-120.6668315,35.05108539
4101,3,-123.3112973,35.05156744
1989,3,-123.2099651,35.05185805
2672,3,-124.1375746,35.05383462
8942,3,-123.2408259,35.05443705
7980,3,-124.0050333,35.05492378
396,3,-121.1814364,35.05518911
4547,3,-120.9503112,35.05647612
3315,3,-122.0080437,35.05648047
3603,3,-123.8847474,35.05919776
5018,3,-121.4684824,35.06084513
1327,3,-124.0621552,35.0609068
7113,3,-121.4643722,35.06103118
3444,3,-122.4350491,35.06208691
5257,3,-120.995733,35.0627927
4165,3,-123.5518163,35.0631944
3154,3,-122.7108626,35.06435551
8815,3,-124.0225478,35.06604031
579,3,-120.7729289,35.06646051
8351,3,-121.6071002,35.06660673
5320,3,-124.1804623,35.06724408
8873,3,-124.2263766,35.06768885
5831,3,-121.8969555,35.07178446
7865,3,-124.024879,35.07333264
8198,3,-123.3505315,35.07372371
7788,3,-122.0432864,35.07404672
9695,3,-121.9688476,35.07495777
5815,3,-122.4578572,35.0755095
7582,3,-122.3547782,35.07634101
9178,3,-123.5666805,35.07641767
3432,3,-122.0076725,35.07794062
907,3,-123.6440545,35.07956593
2499,3,-121.4635245,35.08225693
571,3,-122.6481557,35.08385247
7626,3,-124.1697584,35.08594706
8320,3,-123.3206577,35.08668668
1232,3,-121.7975466,35.08709812
7552,3,-120.7063691,35.08793194
1576,3,-120.9499108,35.08828262
6251,3,-123.4466975,35.09034121
4017,3,-121.4706042,35.0918745
8591,3,-122.914983,35.10010552
6176,3,-121.6085324,35.10020379
490,3,-121.9548632,35.10173361
622,3,-120.8155485,35.10217883
5793,3,-120.8804527,35.10354453
7331,3,-123.5056973,35.10579242
7679,3,-123.2322292,35.10618481
761,3,-123.9323945,35.10642092
9665,3,-120.9254958,35.10991831
6314,3,-121.7386772,35.11006637
5050,3,-122.6158258,35.11063149
464,3,-121.6298791,35.1126027
7166,3,-122.7119641,35.11306658
4673,3,-123.5432844,35.11363797
1029,3,-123.6850798,35.11569592
3258,3,-120.8418603,35.11835561
2945,3,-122.6339949,35.12004567
5688,3,-121.2926438,35.12023918
7313,3,-123.1537024,35.12049898
3967,3,-121.9861088,35.12150523
66,3,-122.611088,35.12423009
3136,3,-124.1418574,35.12554243
1628,3,-122.1534427,35.12598205
2565,3,-120.7513437,35.12735812
3847,3,-121.0391825,35.12803306
8822,3,-124.072598,35.12899437
6124,3,-121.6684568,35.13291475
2755,3,-122.4678616,35.13347479
7563,3,-121.5658793,35.13366425
6781,3,-122.0879517,35.13406341
2040,3,-121.2419849,35.13449514
7484,3,-123.7529242,35.13954142
5663,3,-124.1229307,35.14004494
1580,3,-122.6324884,35.14155269
8484,3,-123.8572146,35.14181474
6892,3,-121.6455112,35.14284501
8298,3,-124.1137646,35.14286438
5117,3,-122.5386251,35.1428873
9664,3,-121.5651319,35.14313096
4655,3,-121.5446835,35.14474691
8884,3,-123.2713736,35.14637925
623,3,-122.7704937,35.14653339
8084,3,-122.6083712,35.14715931
9319,3,-123.4968158,35.14866722
9877,3,-121.1398606,35.14937547
146,3,-123.4275991,35.14987347
8882,3,-123.8106027,35.15013458
9596,3,-121.7093135,35.15047244
8710,3,-123.1748741,35.15232616
7869,3,-124.1151688,35.15373251
1425,3,-121.8963297,35.15608287
1853,3,-123.7960391,35.15619346
1667,3,-123.7224682,35.15640657
9926,3,-123.4117674,35.15908341
3259,3,-121.0101415,35.16111575
8816,3,-123.3468757,35.16111822
3198,3,-123.8654069,35.16145891
6569,3,-122.8450529,35.16253979
6516,3,-122.3667181,35.16285364
3887,3,-124.1177801,35.1657948
2108,3,-123.9127532,35.16718086
9139,3,-124.1857386,35.16819485
6149,3,-121.5344675,35.17106227
8645,3,-122.5640711,35.17270788
674,3,-122.7740411,35.17355337
2078,3,-121.1917277,35.17388051
7104,3,-122.1430384,35.17395519
6086,3,-122.6982019,35.17401165
2617,3,-123.3190571,35.17585439
6400,3,-122.1337628,35.17605938
7227,3,-121.6034608,35.1771832
781,3,-123.4685442,35.17782639
4934,3,-124.2178414,35.1847046
703,3,-121.8794438,35.18503284
2580,3,-122.8082441,35.18693898
5573,3,-122.1221824,35.18805234
1818,3,-124.2182879,35.18872955
9012,3,-122.754125,35.19076446
8748,3,-121.0006609,35.19127645
3047,3,-123.2608343,35.19175257
3658,3,-121.3143384,35.19223118
6560,3,-122.0201883,35.19315548
7829,3,-123.4063483,35.19512311
3022,3,-123.8119132,35.19596057
4079,3,-123.4322976,35.19758851
6014,3,-121.2663903,35.19837923
5781,3,-123.8632686,35.19869418
1901,3,-123.5715916,35.19963885
1550,3,-121.7207996,35.20183071
9076,3,-123.6382308,35.20246099
6283,3,-122.5229875,35.20448001
9336,3,-121.6954778,35.20623842
1884,3,-121.4275256,35.20665345
6531,3,-122.3537328,35.2092013
6425,3,-122.163451,35.20993414
2695,3,-121.0617077,35.21066661
3297,3,-121.0471449,35.21188783
140,3,-123.5645931,35.21193498
8955,3,-123.6563691,35.2124622
8007,3,-122.8091379,35.21480999
3429,3,-121.9037,35.21612858
2385,3,-123.0820202,35.21795857
5323,3,-121.9700713,35.21845645
5819,3,-122.0083525,35.21930777
2845,3,-122.752512,35.2210214
1463,3,-124.2405382,35.2236387
9212,3,-123.6635437,35.22405543
9333,3,-122.6745119,35.22494331
2495,3,-122.7037105,35.22570276
773,3,-120.9815369,35.22722382
6639,3,-121.2614924,35.22821147
4023,3,-121.4869617,35.2292665
2399,3,-121.3224766,35.22974981
8419,3,-122.2589149,35.23015327
2820,3,-122.3902622,35.23085831
3852,3,-121.9991822,35.23225689
5884,3,-121.1455133,35.23325723
245,3,-121.107064,35.23373304
663,3,-122.3782104,35.23437415
7784,3,-123.4869543,35.23458345
8958,3,-122.8802542,35.23552878
4416,3,-122.6825686,35.23718421
3143,3,-123.0562512,35.24251369
9821,3,-124.0265807,35.242948
5492,3,-124.222669,35.24444652
6881,3,-122.6899759,35.2450678
4900,3,-123.6540969,35.24609736
5565,3,-123.9980977,35.2485349
4372,3,-122.0416036,35.25129017
1222,3,-122.1769203,35.25530473
8400,3,-122.0997233,35.2572466
1115,3,-123.1566608,35.25785698
6255,3,-121.5760912,35.25815185
3525,3,-123.8916091,35.25959821
7353,3,-122.0970286,35.26066662
5992,3,-122.5133163,35.26164076
8336,3,-122.4513785,35.26307591
4597,3,-122.6435377,35.26601908
5566,3,-122.7888704,35.26724243
1929,3,-122.1887473,35.26861176
7578,3,-121.6382762,35.26890944
7610,3,-121.2011296,35.26905625
4638,3,-122.9879522,35.269257
952,3,-124.3689442,35.26932111
6739,3,-124.3912479,35.26951288
1517,3,-123.6926,35.27130666
3221,3,-122.0792864,35.27193059
4789,3,-124.104,35.27248626
2185,3,-124.0975625,35.27285991
1519,3,-123.7590996,35.2735397
2076,3,-122.4772061,35.27404927
3802,3,-123.9337904,35.27425482
3508,3,-122.531938,35.27429516
1938,3,-121.7406252,35.27434701
8214,3,-122.6303295,35.27508898
7876,3,-123.7460673,35.27828521
270,3,-121.9116961,35.27830151
1647,3,-122.6694906,35.28126262
6393,3,-123.6331023,35.28137677
8086,3,-123.0158912,35.28168644
9588,3,-122.5510278,35.28171642
3317,3,-122.1997144,35.28351696
5074,3,-122.7234011,35.28393618
4311,3,-123.0534199,35.28401016
3982,3,-121.0522886,35.28583718
4136,3,-123.0242087,35.28657829
637,3,-122.922708,35.2882525
7181,3,-122.6805336,35.29131032
673,3,-123.619517,35.29436672
6365,3,-123.0060506,35.29530641
7844,3,-123.9819511,35.29537495
1325,3,-123.5205033,35.29577207
2532,3,-121.442031,35.29701848
4778,3,-123.6575304,35.29875724
6080,3,-123.9120966,35.30143342
2793,3,-121.3971909,35.30167937
8489,3,-121.0007812,35.30332138
6006,3,-123.3607323,35.30385159
7007,3,-122.6644618,35.30684002
3551,3,-121.731887,35.31393106
7341,3,-123.0228774,35.31447044
7022,3,-122.9165868,35.31455903
2668,3,-122.2253569,35.31469685
8249,3,-123.2001801,35.31474573
2543,3,-123.5490965,35.31641303
6697,3,-123.8349964,35.31670759
1315,3,-123.1592882,35.31717615
4839,3,-120.8473124,35.32359819
6671,3,-122.8431023,35.32441804
8736,3,-121.0132169,35.32522675
6357,3,-123.4917301,35.32565863
4896,3,-122.9933232,35.32758575
2620,3,-123.2929313,35.3284243
9086,3,-123.9142834,35.32854351
1842,3,-123.4296904,35.32876615
1844,3,-124.2982279,35.32879086
4047,3,-121.4937367,35.32967047
2877,3,-122.7440496,35.33033726
6360,3,-123.2306682,35.33323329
9639,3,-121.4230466,35.33343549
4632,3,-121.081467,35.33590169
4609,3,-121.6036491,35.33681245
1921,3,-123.3670042,35.3369553
8643,3,-121.190834,35.33709016
9008,3,-123.4020603,35.34298011
1275,3,-121.3043138,35.34332082
7087,3,-122.6117095,35.34576113
4858,3,-124.0086328,35.34631141
6028,3,-121.8635206,35.34650838
8847,3,-123.5192728,35.34708969
7339,3,-124.2690647,35.3472415
1951,3,-121.832869,35.34769853
6437,3,-124.3393775,35.34807937
7428,3,-121.6245921,35.34866086
3271,3,-122.4775927,35.34944934
8846,3,-121.0733539,35.34955093
5556,3,-120.9556284,35.35290984
9041,3,-123.8428245,35.35433059
4613,3,-122.9838479,35.35439409
3469,3,-124.3116518,35.35632013
6464,3,-121.2701631,35.35778986
5983,3,-122.9060229,35.3584412
5924,3,-122.0593603,35.35921934
3371,3,-122.12834,35.35979386
7464,3,-122.0428392,35.36009382
7528,3,-122.9313939,35.36046228
160,3,-123.5111162,35.36101879
1636,3,-123.0990961,35.36175616
2799,3,-121.9502027,35.36367166
8921,3,-121.3374026,35.36536183
2420,3,-121.4943719,35.36582954
5530,3,-122.0105988,35.36641446
8079,3,-121.6037645,35.36668404
7100,3,-120.9676201,35.36909107
878,3,-123.1472101,35.37011572
6424,3,-122.108112,35.37110616
4163,3,-124.1529156,35.37206544
7421,3,-124.3365877,35.37277115
50,3,-122.3327892,35.37388531
7292,3,-123.6533764,35.37576246
2303,3,-121.2223603,35.37672377
1467,3,-124.0791277,35.37725417
1074,3,-123.1255765,35.37794089
8018,3,-121.5337331,35.3790435
3446,3,-122.9416329,35.38089794
2597,3,-123.4173271,35.3814957
1071,3,-121.0093185,35.38312795
5783,3,-120.9320403,35.38408112
3202,3,-124.0091224,35.38457771
5784,3,-121.6169667,35.38691898
541,3,-122.9631295,35.38782546
7765,3,-122.9807281,35.3889306
3386,3,-122.2877994,35.39204193
1347,3,-122.1203133,35.39443117
7900,3,-121.5017464,35.3983334
5591,3,-121.8429068,35.40087635
5522,3,-121.0819328,35.40174399
3332,3,-121.5481818,35.40406324
1230,3,-122.1396458,35.40518206
7102,3,-123.39925,35.41098302
983,3,-122.5762453,35.41542776
5341,3,-124.1005891,35.41774365
2661,3,-123.1033115,35.41800618
7826,3,-123.9803936,35.41821401
4025,3,-122.0290722,35.42190595
9677,3,-123.2681631,35.4222746
355,3,-122.4879844,35.42241647
5505,3,-122.1120749,35.424743
7402,3,-120.9442463,35.42530203
5797,3,-120.9829235,35.42716931
7837,3,-124.1129718,35.42768079
4084,3,-122.4621132,35.43104789
4338,3,-122.7063788,35.43251802
2603,3,-121.3064084,35.43276993
4926,3,-122.0759616,35.43703844
1562,3,-122.7466375,35.43768217
8069,3,-122.8058792,35.43794549
98,3,-124.2154294,35.43934489
2805,3,-121.3348981,35.43957875
6044,3,-121.4719216,35.44103211
7757,3,-121.9529953,35.44119225
2807,3,-123.2314922,35.44124283
5656,3,-120.9770334,35.44241557
791,3,-121.8708981,35.44318804
3946,3,-123.3942409,35.44502173
9568,3,-122.44895,35.44759951
9073,3,-121.3143205,35.4480976
7345,3,-120.9963241,35.45350123
6446,3,-122.6451425,35.45351471
9641,3,-123.0688962,35.45461079
8247,3,-123.2750037,35.45598095
4407,3,-121.9798523,35.45727712
9399,3,-123.2332581,35.45792309
5638,3,-122.756868,35.45838796
2835,3,-122.4359312,35.45995804
7196,3,-124.0426294,35.46337226
1420,3,-122.5315589,35.46529864
7073,3,-124.3202334,35.46548001
4964,3,-122.4543036,35.46586338
896,3,-123.0952215,35.47023047
5200,3,-123.6152076,35.47117309
1953,3,-123.1515153,35.47186569
8707,3,-121.7406122,35.47345363
3147,3,-121.0848695,35.47437781
8149,3,-121.7317009,35.47525752
2370,3,-123.401573,35.47672809
5907,3,-122.794479,35.47734898
7039,3,-124.5140564,35.47808482
9762,3,-122.9737717,35.47854698
1855,3,-121.6854441,35.47915027
1983,3,-123.8722819,35.48014271
9997,3,-121.8466,35.48061275
7323,3,-122.9425353,35.48160234
3889,3,-122.8681146,35.48184764
7416,3,-121.4842741,35.48214519
1581,3,-123.8440088,35.48429658
1782,3,-121.2624711,35.48489158
7806,3,-123.9348257,35.48527581
4304,3,-122.1227336,35.48684494
6941,3,-121.7939433,35.48718561
416,3,-123.7470938,35.48878621
7996,3,-121.9428387,35.48916937
954,3,-122.0253661,35.4913617
2168,3,-122.0175483,35.49333047
1189,3,-124.0846572,35.4935258
5459,3,-121.6222973,35.49460822
592,3,-122.070588,35.49500096
424,3,-123.2487525,35.4994131
7613,3,-121.2942592,35.49976436
7338,3,-123.6474134,35.49992998
793,3,-123.2991765,35.50033516
595,3,-122.5802438,35.500367
2963,3,-123.8995503,35.50049077
2571,3,-123.8544335,35.50080114
5188,3,-124.0712482,35.50252932
332,3,-121.5873168,35.50311242
3997,3,-123.0940725,35.5049633
1392,3,-124.0984153,35.50497179
9359,3,-123.5061324,35.50560557
7096,3,-123.966976,35.50629693
538,3,-124.2522245,35.50710605
4835,3,-122.9969652,35.50781626
9650,3,-123.5206614,35.50883331
6668,3,-122.791054,35.5100879
6913,3,-124.0588934,35.5103894
9367,3,-123.2906834,35.51225293
8988,3,-122.2471813,35.51388687
8402,3,-123.9169167,35.51519266
135,3,-123.710312,35.51537348
4522,3,-121.5170452,35.51570401
3201,3,-121.2621508,35.51577018
8098,3,-121.1837823,35.51578138
547,3,-122.5017583,35.5165146
4730,3,-121.8258068,35.5175775
8817,3,-122.5630763,35.5188353
2093,3,-121.302162,35.51980192
8462,3,-122.4722944,35.52506133
7360,3,-124.3757334,35.52537037
5978,3,-122.1423116,35.5257803
8680,3,-121.6686006,35.52586964
4277,3,-123.5336328,35.52595945
1671,3,-121.975277,35.52600009
5111,3,-123.940454,35.5265233
3370,3,-121.1910866,35.52686353
1160,3,-123.3592765,35.52785503
680,3,-123.8963004,35.52858574
8901,3,-122.9228821,35.53009217
3287,3,-121.3358416,35.5305563
2203,3,-124.0284893,35.53072467
3341,3,-122.2606716,35.53096464
7638,3,-121.7786083,35.5317147
4087,3,-121.4557099,35.53326826
5689,3,-122.5446349,35.53400857
1488,3,-123.240161,35.53555878
3778,3,-124.3414971,35.53602779
7234,3,-123.4848805,35.53780647
195,3,-122.6471775,35.53818458
4965,3,-122.3991739,35.53838979
4956,3,-122.127253,35.54310497
2106,3,-121.3173906,35.54699467
17,3,-121.2415269,35.54803639
9809,3,-121.7779126,35.54868241
5941,3,-124.0707936,35.55017904
8537,3,-121.7654181,35.55103847
8444,3,-124.0288789,35.5513812
9814,3,-121.3644538,35.5515554
4022,3,-121.1518703,35.55181287
2258,3,-121.6059367,35.55241481
9570,3,-121.2527964,35.55365521
4783,3,-123.59066,35.55373865
9786,3,-121.1379112,35.55410424
7372,3,-124.5700767,35.55519088
8945,3,-121.7737334,35.55906194
9914,3,-123.018348,35.56052531
1874,3,-123.615381,35.56097213
8494,3,-124.5448934,35.56172867
5513,3,-124.2226979,35.56182205
3537,3,-122.8637693,35.56229992
7445,3,-123.5937281,35.56392357
7472,3,-122.6844497,35.56444181
8414,3,-121.7407703,35.56728125
7990,3,-121.7515771,35.5676688
2406,3,-124.2684755,35.56803491
1193,3,-123.5567919,35.56835149
5276,3,-121.7033051,35.56891345
6806,3,-122.9167104,35.5695003
9868,3,-124.243227,35.57187736
1105,3,-123.9061079,35.57578691
9851,3,-123.5235294,35.5768783
2156,3,-124.3187156,35.57725167
876,3,-122.8981971,35.57753027
5773,3,-123.4508539,35.57888766
5995,3,-122.4406125,35.58127689
7125,3,-121.2091576,35.58165117
5615,3,-123.9159026,35.58374425
1796,3,-124.131643,35.58405808
6567,3,-124.3540109,35.58456286
7153,3,-124.2762523,35.58457228
2743,3,-121.3354393,35.58464111
4648,3,-122.1550655,35.58556452
9938,3,-121.1562244,35.58565029
909,3,-121.9712007,35.58599687
1711,3,-124.2283805,35.58600962
8863,3,-122.0823032,35.58652693
6712,3,-121.8501435,35.58754183
6539,3,-121.9270692,35.58773804
1165,3,-123.6052844,35.58837324
8940,3,-123.8878072,35.58908602
2842,3,-121.5279202,35.59170329
1906,3,-121.9243103,35.59251733
4343,3,-121.2967316,35.59373206
7053,3,-122.7709946,35.59882369
3904,3,-123.7509153,35.6005258
6693,3,-122.3031545,35.60661085
5265,3,-122.3951108,35.6071349
7079,3,-124.0047692,35.60839257
6171,3,-123.0729188,35.61145381
1815,3,-124.2380909,35.61152433
7901,3,-121.6131338,35.61367494
6004,3,-121.1673269,35.61686051
5725,3,-124.1982555,35.61863852
7187,3,-124.0909086,35.61994447
2531,3,-122.7725622,35.61995512
7267,3,-124.2758661,35.62251002
9726,3,-122.1920265,35.62254802
567,3,-121.2486678,35.62865415
9179,3,-123.0469529,35.62992084
3334,3,-123.9787838,35.63235511
5330,3,-124.2791215,35.63551317
1503,3,-122.9326562,35.63607689
4508,3,-124.5131378,35.6363235
4544,3,-124.3622966,35.63807512
6950,3,-123.9545448,35.64343773
6565,3,-124.6574585,35.64417999
4486,3,-121.599523,35.64506053
6309,3,-123.002238,35.64547976
51,3,-124.2623608,35.64568165
3965,3,-122.7042736,35.6484335
9829,3,-123.2345286,35.64847995
2895,3,-122.7890815,35.65025809
903,3,-122.015438,35.65320046
8165,3,-122.4709155,35.65423019
221,3,-121.6088485,35.65465493
5690,3,-122.5850104,35.65589031
9854,3,-123.7749437,35.65723492
9058,3,-121.9755343,35.65891941
6305,3,-123.7473765,35.66055978
8821,3,-121.5073044,35.66056711
790,3,-124.0431925,35.66201902
4234,3,-123.5527924,35.66331067
8554,3,-123.696469,35.6636967
6581,3,-124.1391705,35.66504692
3179,3,-123.0092632,35.66646354
776,3,-122.1643903,35.67144548
1964,3,-124.2927069,35.67194099
955,3,-124.3112974,35.67341266
9458,3,-123.5732084,35.67393254
1102,3,-123.9472319,35.67570071
3824,3,-122.1078994,35.67586902
718,3,-123.8303544,35.68072395
6135,3,-121.6126795,35.68074726
2951,3,-122.3526707,35.68123807
351,3,-122.3979829,35.68130505
469,3,-121.829539,35.68244055
4002,3,-124.2588266,35.68290492
5387,3,-121.844114,35.68410712
8034,3,-124.0745482,35.68410962
8983,3,-123.8972481,35.68414477
8169,3,-124.2724675,35.6845616
988,3,-123.2693395,35.68471907
9299,3,-122.180412,35.68838672
391,3,-121.9908975,35.68865134
3473,3,-124.6906888,35.69056933
5704,3,-121.8707742,35.69066547
8426,3,-122.7414502,35.6912605
6717,3,-121.5417463,35.69339399
3092,3,-122.2464576,35.69348397
7088,3,-122.5324136,35.69378669
3815,3,-121.4780606,35.69505207
870,3,-122.5835955,35.69552073
6939,3,-121.8544416,35.69599485
6759,3,-121.5194914,35.69812502
4494,3,-123.0781317,35.69848494
552,3,-123.0672218,35.70003425
1051,3,-122.8626974,35.70333468
9495,3,-123.6971793,35.70541907
1044,3,-124.5226498,35.70702442
8272,3,-121.9471834,35.70741266
288,3,-121.6326295,35.70799375
9369,3,-122.6285215,35.70898505
2158,3,-124.7063051,35.71154946
9315,3,-124.1721953,35.71370995
5962,3,-124.3479183,35.71376311
5509,3,-123.427303,35.71653692
3601,3,-123.627959,35.71790442
4536,3,-123.3768037,35.71815346
4832,3,-121.391141,35.71839497
9451,3,-123.9804564,35.71862414
2361,3,-123.3282316,35.71862616
4197,3,-121.6946937,35.71941198
7128,3,-123.0555108,35.71943514
1421,3,-123.8915495,35.72263455
3761,3,-123.8134548,35.72748438
1348,3,-123.4584478,35.72831448
6858,3,-121.9499176,35.72993798
111,3,-121.6810071,35.73156865
6605,3,-122.7806385,35.73483624
3771,3,-122.158637,35.73640478
8491,3,-121.9707979,35.73840881
943,3,-123.037309,35.74046562
8824,3,-123.4538086,35.74097693
2873,3,-123.2160549,35.74100503
4268,3,-122.9394374,35.74333693
9961,3,-124.6849504,35.74356956
3176,3,-124.1327778,35.74368244
2188,3,-124.6478778,35.74448953
8701,3,-123.962952,35.74649936
4571,3,-121.9731988,35.74773244
7160,3,-123.4216999,35.74794546
1221,3,-122.2211593,35.7481054
2946,3,-124.5188536,35.74928221
2957,3,-123.0505394,35.75002535
1992,3,-122.6955614,35.75055716
2225,3,-122.7821871,35.75277449
6522,3,-123.8107647,35.75283248
9343,3,-122.1238972,35.75461259
4314,3,-124.5580743,35.75561282
6778,3,-124.1268393,35.75597299
1032,3,-121.6725811,35.75940297
686,3,-124.4260872,35.76047229
8808,3,-124.1623479,35.76062056
6310,3,-121.5001864,35.76111962
2522,3,-123.3815126,35.76417785
4815,3,-122.6810629,35.77011264
1437,3,-121.6309812,35.77165348
8888,3,-122.5059621,35.77306651
2563,3,-122.3723052,35.77521348
9279,3,-124.0515645,35.77623437
5594,3,-121.3815496,35.77656813