"","block_id","nvessels","nfishers","nbusinesses","value_usd","landings_lb","confidential"
"1",-1,35,40,35,15307.7164904762,21913.3338095238,""
"2",0,126,158,100,91195.0796238095,165119.561904762,""
"3",100,72,78,51,45030.3377476191,22145.1966666667,""
"4",101,21,21,15,5170.73485714286,1615.9619047619,""
"5",102,70,103,34,62490.1320238095,31082.2119047619,""
"6",103,49,49,34,21023.3957047619,7918.21666666667,""
"7",104,67,63,31,16040.101347619,25723.5380952381,""
"8",105,16,17,14,8040.08,9326.94761904762,""
"9",106,20,23,9,6796.15419047619,5583.06476190476,""
"10",107,22,52,23,16841.685,12477.7961904762,""
"11",108,153,162,57,203115.725857143,103319.945714286,""
"12",109,95,93,35,49403.5801190476,21053.9423809524,""
"13",110,21,23,21,12186.0823809524,4892.84666666667,""
"14",111,25,26,17,5520.96904761905,4244.45476190476,""
"15",112,9,9,5,1879.68523809524,1248.49285714286,""
"16",113,2,1,1,NA,NA,"***"
"17",114,37,42,19,13587.3432142857,8104.29285714286,""
"18",115,64,66,18,251684.459047619,76827.5423809524,""
"19",116,35,35,12,32964.2848380952,41704.5238095238,""
"20",117,18,18,18,5032.73928571429,2442.51428571429,""
"21",118,8,8,8,3808.89285714286,1281.04666666667,""
"22",119,10,10,5,2016.90857142857,2190.47619047619,""
"23",120,96,178,46,237833.597319048,381133.174285714,""
"24",121,60,62,32,33592.8676190476,15141.3152380952,""
"25",122,23,22,18,40448.6266666667,13499.0333333333,""
"26",123,17,17,15,6578.775,2552.97142857143,""
"27",124,15,15,10,18304.6252380952,9597.06666666667,""
"28",125,9,9,6,14854.3047619048,5991.94761904762,""
"29",126,51,76,28,102944.282738095,70526.6004761905,""
"30",127,97,96,44,148167.494952381,57881.6333333333,""
"31",128,56,58,19,72436.0383333333,24618.7357142857,""
"32",129,9,8,6,1803.41476190476,1004.14285714286,""
"33",130,25,23,12,6163.33928571429,8207.55904761905,""
"34",131,48,47,18,85429.3086904762,30029.0023809524,""
"35",132,44,56,26,71969.5208571429,37862.7214285714,""
"36",133,167,162,65,1527625.87654762,620278.161428571,""
"37",134,102,100,46,349844.400004762,174278.187142857,""
"38",135,48,49,15,25631.374047619,10207.8095238095,""
"39",136,51,55,21,7865.90428571428,2662.4380952381,""
"40",137,31,33,21,22597.3908095238,11416.3476190476,""
"41",138,61,63,41,38731.9555952381,25653.7904761905,""
"42",139,29,28,22,9531.97428571428,5744.6880952381,""
"43",200,23,24,21,72473.7143095238,102303.226190476,""
"44",201,76,113,35,48384.4277380952,28063.3142857143,""
"45",202,248,268,73,957165.558285714,474199.945238095,""
"46",203,179,174,53,317644.092595238,217685.812857143,""
"47",204,151,151,26,131646.580809524,76077.3761904762,""
"48",205,58,59,13,43193.9263333333,88157.3452380952,""
"49",206,12,13,7,11102.6819047619,10027.4147619048,""
"50",207,32,33,23,10255.3065952381,12116.1919047619,""
"51",208,97,105,62,26209.2617857143,24053.1271428571,""
"52",209,23,26,24,1556.04904761905,2240.33095238095,""
"53",210,202,223,72,978025.003095238,380850.622380952,""
"54",211,163,172,45,605535.113571429,399424.652857143,""
"55",212,76,86,34,214086.54377619,263173.162857143,""
"56",213,44,42,30,8980.54166666667,35666.6976190476,""
"57",214,25,28,17,21046.5,33392.080952381,""
"58",215,35,36,22,7436.02333333333,5164.04523809524,""
"59",216,15,14,11,9158.75571428571,4363,""
"60",217,187,215,71,1077261.44766667,413208.076190476,""
"61",218,125,128,48,234170.556142857,114513.956190476,""
"62",219,54,56,38,26308.1330952381,30199.3095238095,""
"63",220,70,78,44,23154.7302380952,11980.0314285714,""
"64",221,26,26,9,7632.68761904762,5271.32857142857,""
"65",222,76,77,57,32879.2792380952,12524.4,""
"66",223,81,84,47,57242.7811904762,26453.4052380952,""
"67",224,23,23,17,18829.9220952381,8808.21095238095,""
"68",225,23,23,18,6754.54928571429,7598.36666666667,""
"69",226,6,6,5,65.2047619047619,69.0904761904762,""
"70",227,14,14,12,4365.88761904762,2554.15238095238,""
"71",228,40,40,27,22773.4601190476,13308.0366666667,""
"72",229,20,20,10,61267.4804761905,30762.3095238095,""
"73",230,11,12,7,9758.73952380952,7179.04761904762,""
"74",231,24,24,16,20994.439047619,12021.5285714286,""
"75",232,10,12,10,1047.295,519.404761904762,""
"76",233,148,150,70,167389.998095238,52791.8142857143,""
"77",234,246,245,58,160966.13412381,71251.1666666667,""
"78",235,71,71,26,75351.9491666667,59543.8452380952,""
"79",236,10,10,9,17471.2261904762,21481.0047619048,""
"80",237,15,14,14,2937.49630952381,3217.50523809524,""
"81",238,13,14,14,966.22380952381,880.866666666667,""
"82",239,10,10,12,1077.42880952381,973.071428571429,""
"83",240,97,100,39,66672.5516666667,38833.6380952381,""
"84",241,26,27,24,13001.1742857143,6471.29523809524,""
"85",242,164,185,44,171409.12,66510.7561904762,""
"86",243,476,476,114,810075.139261905,272120.319047619,""
"87",244,278,280,50,198853.459333333,98000.9233333333,""
"88",245,48,48,25,37961.5001428571,48503.2157142857,""
"89",246,32,31,16,8820.40142857143,8689.75857142857,""
"90",247,23,22,17,3388.38033333333,3160.72380952381,""
"91",248,176,193,40,97964.445452381,57466.2933333333,""
"92",249,263,281,59,296935.990119048,99916.8242857143,""
"93",250,175,180,48,87603.4445190476,51683.6676190476,""
"94",251,95,92,26,54983.2287238095,52303.110952381,""
"95",252,52,54,29,19645.4708809524,22146.699047619,""
"96",253,29,31,21,3897.45,1479.97619047619,""
"97",254,13,13,7,3152.01976190476,2263.70952380952,""
"98",255,307,319,67,296165.30602381,151467.747619048,""
"99",256,199,206,58,76766.3254761905,30550.8285714286,""
"100",257,172,168,47,53215.9978095238,40495.7623809524,""
"101",258,128,119,34,110368.525466667,60251.300952381,""
"102",259,22,22,17,7003.81892857143,9041.75142857143,""
"103",260,48,51,24,3235.81666666667,2750.08571428571,""
"104",261,66,59,15,15050.4392857143,7187.86666666667,""
"105",262,481,517,97,458004.337190476,363056.948095238,""
"106",263,483,493,100,263003.987119048,117393.414761905,""
"107",264,343,351,58,263265.711928571,172769.098095238,""
"108",265,100,96,51,32109.7104285714,32235.7066666667,""
"109",266,19,20,13,1338.89761904762,726.3,""
"110",267,45,42,23,5434.4425,4304.78571428571,""
"111",268,258,276,68,814247.109738095,1037967.96904762,""
"112",269,137,136,47,66758.9894523809,41475.7261904762,""
"113",270,201,196,33,108837.830209524,76360.83,""
"114",271,26,24,12,20270.839047619,27291.2885714286,""
"115",272,16,18,11,2140.52142857143,1348.56666666667,""
"116",273,8,8,9,853.468333333333,735.357142857143,""
"117",274,203,216,71,262205.842285714,183285.282857143,""
"118",275,90,89,36,42238.1362380952,29741.5604761905,""
"119",276,30,31,16,23244.4323809524,28317.1928571429,""
"120",277,21,20,16,11784.8635714286,13832.45,""
"121",278,12,12,10,12289.2514285714,6065.15238095238,""
"122",279,20,21,14,1894.76666666667,713.325714285714,""
"123",280,61,54,25,15782.3380952381,12591.45,""
"124",281,55,45,15,19624.790952381,13521.0738095238,""
"125",300,26,46,26,69374.315047619,250975.528571429,""
"126",301,31,26,36,63744.4455238095,16606.3409523809,""
"127",302,15,17,13,3320.87476190476,2731.43523809524,""
"128",303,8,7,6,410.076190476191,128.438095238095,""
"129",304,20,15,18,105096.592857143,63257.8333333333,""
"130",305,11,14,14,3676.59761904762,3268.6019047619,""
"131",306,31,24,13,45106.0628571429,38044.2095238095,""
"132",308,21,18,20,4906.91729047619,3479.04809523809,""
"133",325,3,3,2,NA,NA,"***"
"134",400,15,15,12,9788.99511904762,3405.17619047619,""
"135",401,26,26,15,7685.36333333333,2430.97142857143,""
"136",402,390,429,121,723006.865066667,548871.59,""
"137",403,227,215,54,152639.436095238,149275.642857143,""
"138",404,74,78,28,184840.961095238,250981.993333333,""
"139",405,38,37,19,33980.5776190476,32530.6880952381,""
"140",406,22,22,16,5910.22571428571,4948.19047619048,""
"141",407,32,32,25,8934.07377619048,3734.21476190476,""
"142",408,232,247,90,130479.702142857,88772.8295238095,""
"143",409,227,237,65,87892.6728095238,34621.0476190476,""
"144",410,108,109,40,53268.2352380952,43489.0619047619,""
"145",411,38,38,25,14748.5954761905,11956.6380952381,""
"146",412,25,25,20,4927.54226190476,2916.57380952381,""
"147",413,14,15,11,2730.06095238095,1236.34523809524,""
"148",414,40,45,30,10101.8030238095,10662.1519047619,""
"149",415,185,204,66,108198.805595238,55234.8666666667,""
"150",416,119,122,49,46354.9423809524,21146.19,""
"151",417,111,109,46,43729.5821428571,31387.7014285714,""
"152",418,26,27,20,14751.6316666667,14874.14,""
"153",419,20,20,15,16627.3471428571,8238.70476190476,""
"154",420,21,21,15,8958.97904761905,6318.70952380952,""
"155",421,24,24,10,2157.08761904762,1177.8380952381,""
"156",422,145,148,70,86274.2442380952,85605.9514285714,""
"157",423,433,438,142,282922.024128571,114148.77047619,""
"158",424,310,319,90,166231.001309524,61315.4942857143,""
"159",425,146,149,50,55721.2687285714,37637.0114285714,""
"160",426,88,88,37,35016.8914285714,34744.5785714286,""
"161",427,43,42,27,31190.8959523809,15448.5571428571,""
"162",428,19,19,16,3536.00738095238,4319.7880952381,""
"163",429,24,24,16,5387.27714285714,2879.79523809524,""
"164",430,71,67,44,29070.2961904762,57383.3471428571,""
"165",431,585,616,190,703299.734038095,300791.845238095,""
"166",432,532,563,152,553704.628580952,247752.054285714,""
"167",433,197,203,66,87895.286452381,43905.1580952381,""
"168",434,216,222,68,255561.540919048,111498.004761905,""
"169",435,162,166,41,92383.6794,89992.7123809524,""
"170",436,39,40,31,16291.0714047619,10776.6647619048,""
"171",437,97,93,30,55047.9392857143,17336.0647619048,""
"172",438,153,176,79,84270.1737,183875.070952381,""
"173",439,474,488,148,988736.797323809,464928.029047619,""
"174",440,388,410,128,187050.660728571,74557.4709523809,""
"175",441,168,173,69,71074.7785714286,29125.4442857143,""
"176",442,156,160,62,104194.262857143,34350.0333333333,""
"177",443,52,51,32,48058.1023809524,51761.4323809524,""
"178",444,46,45,27,25815.72,18095.8380952381,""
"179",445,71,71,45,21271.0644761905,6106.87047619048,""
"180",446,226,235,128,182063.050980952,106679.793333333,""
"181",447,539,562,241,872663.414357143,464175.724285714,""
"182",448,532,573,184,1481979.56778571,527578.953333333,""
"183",449,387,407,141,413377.691547619,176156.394285714,""
"184",450,227,224,84,197886.094471429,76257.6471428572,""
"185",451,103,101,51,58504.7733333333,36178.1104761905,""
"186",452,195,197,101,121800.757219048,231993.408571429,""
"187",453,82,83,51,51904.4031857143,25323.0861904762,""
"188",454,65,65,40,31422.6341428571,20187.0514285714,""
"189",455,576,556,244,1038067.77911905,509993.040952381,""
"190",456,389,417,146,1416518.33307143,449436.261428571,""
"191",457,303,324,118,828040.388952381,389555.316666667,""
"192",458,300,312,135,605281.462352381,312051.414285714,""
"193",459,222,221,92,224307.512190476,85194.2638095238,""
"194",460,100,94,51,85821.0554761905,110848.268571429,""
"195",461,49,49,27,13426.0066666667,5908.37428571429,""
"196",462,102,111,40,137504.656666667,67458.5004761905,""
"197",463,68,70,26,42033.9071428571,25848.5071428571,""
"198",464,627,676,201,2985678.04177143,1819001.34,""
"199",465,275,282,144,345410.829509524,110400.824761905,""
"200",466,264,267,101,214655.35297619,71313.6066666667,""
"201",467,160,154,78,71676.6686190476,30578.189047619,""
"202",468,139,138,63,175549.739780952,80937.7947619048,""
"203",469,54,53,32,25211.1321428571,24523.0776190476,""
"204",470,48,48,32,19070.6904761905,10622.2523809524,""
"205",471,464,503,90,768903.294047619,399743.792857143,""
"206",472,446,434,189,1116350.23992381,3106242.62142857,""
"207",473,469,493,243,691675.399933333,749612.002857143,""
"208",474,560,590,170,1059742.68605714,532063.775714286,""
"209",475,238,249,98,152450.750514286,99735.3542857143,""
"210",476,109,108,49,34565.1203571429,13882.9461904762,""
"211",477,112,109,65,39108.08,13542.69,""
"212",478,234,233,104,367426.596714286,934224.522857143,""
"213",479,371,377,136,262090.550404762,268271.734285714,""
"214",480,155,155,88,108032.4145,55059.2971428571,""
"215",481,53,52,35,9500.88964285714,5982.24333333333,""
"216",482,38,38,34,5801.15576190476,8636.60952380952,""
"217",483,17,17,17,3250.94928571429,1180.89761904762,""
"218",484,91,90,50,29832.6319142857,18592.260952381,""
"219",485,52,53,35,29489.968952381,18654.9071428571,""
"220",486,232,243,60,1078347.36904762,625024.969047619,""
"221",487,99,101,74,40102.8969428571,35602.9785714286,""
"222",488,577,639,218,569531.657866667,1186253.72952381,""
"223",489,120,122,78,137744.136038095,287157.856666667,""
"224",495,4,4,5,1329.01,1142.04761904762,""
"225",500,102,100,30,19252.1371666667,71481.1347619048,""
"226",501,149,149,61,301241.620766667,1057108.60904762,""
"227",502,391,411,132,332972.87802381,647489.647619048,""
"228",503,271,279,101,180992.443642857,128844.44047619,""
"229",504,158,160,58,39092.9495238095,24327.0061904762,""
"230",505,47,49,25,11196.474047619,14580.8042857143,""
"231",506,84,81,43,11111.4382142857,16757.7280952381,""
"232",507,148,148,53,244849.993166667,2676215.7052381,""
"233",508,738,718,170,1120906.17051905,5534795.09,""
"234",509,662,645,193,756736.539614286,2254102.41380952,""
"235",510,564,553,128,881780.967076191,1555998.94904762,""
"236",511,225,222,87,242425.61327619,265510.910476191,""
"237",512,121,118,61,28558.091452381,21697.4157142857,""
"238",513,61,61,30,13301.4547619048,4574.84285714286,""
"239",514,568,612,117,1027025.47693333,3511559.39095238,""
"240",515,41,40,24,2566.85904761905,1780.62142857143,""
"241",516,381,354,77,772816.986833333,8195844.73571428,""
"242",517,641,654,186,971721.2571,8865037.98619048,""
"243",518,549,555,123,458251.878095238,928196.537619048,""
"244",519,229,231,65,120176.908071429,224002.592857143,""
"245",520,108,107,44,64617.4881666667,480478.745238095,""
"246",521,42,38,26,3335.71511904762,3290.22619047619,""
"247",522,37,36,21,3249.89373809524,22818.4766666667,""
"248",523,44,41,23,10233.7495238095,39889.559047619,""
"249",524,44,43,22,14650.6795238095,64249.1085714286,""
"250",525,179,173,63,330237.598714286,1470426.07,""
"251",526,530,534,128,3606606.70946667,15738758.3304762,""
"252",527,215,207,74,602138.840547619,1022787.0047619,""
"253",528,86,87,42,25752.7702857143,48726.8461904762,""
"254",529,51,51,30,3377.8755952381,4042.70428571429,""
"255",530,30,29,15,7100.86157142857,15776.6314285714,""
"256",531,14,13,12,688.514761904762,314.416666666667,""
"257",532,229,209,59,724894.50417619,2033133.95095238,""
"258",533,101,89,37,65486.4661428571,80258.4157142857,""
"259",534,36,34,27,6179.99642857143,3057.1619047619,""
"260",535,23,23,10,2757.20023809524,3317.08571428571,""
"261",536,32,32,16,2472.49583333333,2702.99761904762,""
"262",537,18,17,13,1665.79880952381,1488.92380952381,""
"263",538,42,46,23,79195.1566666667,157405.943333333,""
"264",539,101,102,48,217956.21997619,581460.468095238,""
"265",540,45,45,30,20591.5776190476,44955.6952380952,""
"266",541,26,26,18,5366.09585714286,1729.78285714286,""
"267",542,21,22,17,4298.45619047619,3588.8080952381,""
"268",543,13,13,11,3920.94642857143,592.852380952381,""
"269",544,20,20,15,3119.98035714286,2014.95571428571,""
"270",545,56,50,44,11363.9495285714,15060.8766666667,""
"271",546,45,40,41,23994.782452381,9136.35761904762,""
"272",547,92,74,46,105501.395761905,304796.262380952,""
"273",548,78,78,40,87943.5826190476,152882.17,""
"274",549,23,22,22,10969.73,12521.3785714286,""
"275",550,81,79,43,19702.1103571429,19642.9661904762,""
"276",551,11,11,11,6285.6030952381,16935.5904761905,""
"277",552,25,25,19,4312.88861904762,7435.14523809524,""
"278",553,91,75,44,96423.5339142857,222420.103809524,""
"279",554,112,93,64,109446.751190476,162364.54952381,""
"280",555,38,38,28,16457.825952381,7678.06666666667,""
"281",556,22,22,18,7272.69619047619,3384.52476190476,""
"282",557,15,15,12,5978.4119047619,2771.05714285714,""
"283",558,11,11,12,1312.62380952381,580.985714285714,""
"284",559,15,16,15,2923.07,1605.19761904762,""
"285",560,64,57,27,7128.57928571429,4781.8380952381,""
"286",561,114,96,39,56673.8178809524,105348.044761905,""
"287",562,66,66,41,40220.0081238095,55125.4728571429,""
"288",563,39,35,26,17106.1502380952,7987.26285714286,""
"289",564,29,28,23,14613.1762333333,5456.72142857143,""
"290",565,34,34,28,9495.26285714286,12333.9142857143,""
"291",566,13,13,12,864.18,554.722857142857,""
"292",567,16,16,15,4762.41690476191,7978.86904761905,""
"293",568,38,37,32,8470.04203809524,6810.10952380952,""
"294",580,1,1,1,NA,NA,"***"
"295",600,27,28,21,4530.58654285714,5175.32095238095,""
"296",601,127,108,45,30344.9744047619,15825.6928571429,""
"297",602,225,193,82,147301.64202381,174986.562857143,""
"298",603,86,87,42,35181.0297619048,39029.7976190476,""
"299",604,71,75,46,45533.5461238095,85623.7223809524,""
"300",605,96,90,51,19361.356547619,41270.8804761905,""
"301",606,136,133,71,40230.0952380952,161134.756190476,""
"302",607,393,365,142,279699.953452381,362991.835714286,""
"303",608,325,302,130,141276.616904762,97538.7919047619,""
"304",609,115,110,56,36898.6784523809,44482.6028571429,""
"305",610,91,89,45,68405.009047619,42253.5676190476,""
"306",611,148,144,79,24567.1923190476,20345.5,""
"307",612,77,84,41,123554.308514286,64711.220952381,""
"308",613,104,104,58,12565.3861904762,21808.3695238095,""
"309",614,71,70,34,7399.4819047619,16510.1204761905,""
"310",615,481,430,145,528768.173919048,266322.325238095,""
"311",616,128,129,40,148838.381452381,103717.937142857,""
"312",617,97,94,47,34771.1902619048,33714.8314285714,""
"313",618,106,116,53,19988.421547619,21486.4052380952,""
"314",619,70,74,51,34074.7368571429,33694.7623809524,""
"315",620,53,57,31,10007.1885714286,8764.00095238095,""
"316",621,27,27,23,4478.51880952381,1825.95714285714,""
"317",622,109,157,56,38133.9588095238,68931.8952380952,""
"318",623,314,294,92,275443.863461905,289293.967142857,""
"319",624,119,120,58,103390.339047619,96422.5504761905,""
"320",625,93,88,38,55609.0928333333,40338.9342857143,""
"321",626,52,50,27,10359.0152380952,6816.04761904762,""
"322",627,63,63,37,10541.3497619048,8051.20476190476,""
"323",628,40,40,28,3779.53571428571,5573.36285714286,""
"324",629,24,28,20,3555.97833333333,3604.39047619048,""
"325",630,37,39,26,11676.0261904762,18934.9119047619,""
"326",631,102,100,44,63826.7069761905,26563.8833333333,""
"327",632,279,254,84,348443.367557143,137668.544285714,""
"328",633,93,90,53,95810.3233333333,58956.9823809524,""
"329",634,66,70,45,92599.2628571429,125455.804761905,""
"330",635,46,44,31,10703.1280952381,7129.48380952381,""
"331",636,80,82,39,146748.917380952,64448.6866666667,""
"332",637,163,148,56,168631.044957143,74864.7495238095,""
"333",638,79,84,46,49380.1489285714,212236.221904762,""
"334",639,44,42,36,33411.8038095238,13552.67,""
"335",640,57,68,45,19661.8080952381,12935.7404761905,""
"336",641,28,28,23,21742.7035714286,15012.6276190476,""
"337",642,34,36,33,18285.3128333333,14754.7514285714,""
"338",643,135,133,90,280964.89452381,770795.279047619,""
"339",644,90,94,77,90014.5730952381,92175.3938095238,""
"340",645,68,70,55,62091.2368571429,36667.4790476191,""
"341",646,44,48,33,27772.262,16637.1042857143,""
"342",647,43,46,35,38862.3278571429,36714.6714285714,""
"343",648,32,32,32,13244.3939285714,7217.04285714286,""
"344",649,94,96,70,94642.558152381,59855.4671428571,""
"345",650,136,144,100,122803.450142857,72604.4790476191,""
"346",651,118,124,76,35791.5682857143,12769.6233333333,""
"347",652,217,231,143,266704.111095238,175462.065714286,""
"348",653,332,324,193,561765.163819048,389478.077142857,""
"349",654,400,388,201,882104.518719048,791971.163333333,""
"350",655,311,305,189,343508.734142857,513945.367142857,""
"351",656,327,326,149,515901.598057143,1154557.33428571,""
"352",657,245,253,123,317551.877766667,815771.046190476,""
"353",658,156,166,105,360473.69797619,906316.596190476,""
"354",659,74,76,61,31170.0516428571,53728.4828571429,""
"355",660,64,62,69,27631.6122380952,17881.2323809524,""
"356",661,51,48,50,55364.0673809524,14066.7152380952,""
"357",662,40,40,40,76390.5604761905,25632.5219047619,""
"358",663,84,85,51,12913.5930714286,22898.4057142857,""
"359",664,140,149,105,221613.335,463017.832857143,""
"360",665,338,365,235,1220223.39977143,971521.156190476,""
"361",666,191,213,167,603241.219942857,419043.849047619,""
"362",667,167,184,149,193262.381,163818.583333333,""
"363",668,108,113,98,124131.032119048,157157.134285714,""
"364",669,46,49,35,152259.20352381,26078.4880952381,""
"365",670,41,46,32,12520.7011666667,14116.2495238095,""
"366",671,58,63,33,107925.890371429,102602.47047619,""
"367",672,55,55,32,52079.6942857143,52931.6071428571,""
"368",673,41,46,47,140619.940571429,34988.8119047619,""
"369",674,35,40,33,97685.096,74636.8176190476,""
"370",675,35,37,27,10089.3466666667,14773.5676190476,""
"371",676,18,22,22,10237.9371428571,3254.41428571429,""
"372",677,30,31,22,5261.88869047619,2448.10857142857,""
"373",678,30,30,24,12913.2278571429,16878.3761904762,""
"374",679,48,57,40,20051.3371428571,81039.0571428571,""
"375",680,261,315,139,641642.2463,1394262.80238095,""
"376",681,301,378,153,1811156.16071429,6243452.61285714,""
"377",682,280,356,133,2436824.03432381,8277493.77761905,""
"378",683,385,451,207,2719958.87670476,13317405.0628571,""
"379",684,273,320,136,817641.781842857,2401458.20714286,""
"380",685,400,461,205,951736.805871429,2621961.57142857,""
"381",686,340,419,166,1207689.04059524,3731236.31380952,""
"382",687,415,534,182,1623025.91067143,4166265.58095238,""
"383",688,432,528,212,1929589.41268095,3152341.24666667,""
"384",689,326,406,162,935337.007985714,1103560.31285714,""
"385",690,286,386,168,1411257.20345714,1505512.07619048,""
"386",691,60,71,46,97532.7054142857,32045.4357142857,""
"387",692,42,42,32,47073.6798571429,15657.8342857143,""
"388",693,38,38,36,55177.6189285714,19020.3876190476,""
"389",694,20,19,14,4992.04952380952,2124.84761904762,""
"390",695,13,14,11,3098.55773809524,1960.00238095238,""
"391",696,22,27,17,2404.68333333333,1931.53333333333,""
"392",697,36,38,41,27745.2589285714,11298.5042857143,""
"393",698,30,40,23,4666.7880952381,7243.72857142857,""
"394",700,34,33,26,4181.79619047619,6178.30714285714,""
"395",701,134,172,63,166338.810357143,587333.337142857,""
"396",702,198,232,104,264410.245428571,746744.502380952,""
"397",703,175,180,83,336932.274476191,1501800.96571429,""
"398",704,109,115,79,225500.558380952,1024751.4547619,""
"399",705,86,94,54,70063.1358333333,290342.45,""
"400",706,93,102,72,53199.4411190476,143541.443809524,""
"401",707,274,307,153,610279.004866667,1832625.11380952,""
"402",708,452,548,225,2188783.41759048,5815344.23095238,""
"403",709,334,444,167,1577914.89335238,5527225.50714286,""
"404",710,428,558,182,1706318.06757143,5231649.38190476,""
"405",711,509,665,241,2660890.44827143,8554338.75619048,""
"406",712,281,397,157,988933.755933333,1153439.10238095,""
"407",713,114,131,94,189992.610690476,315261.570952381,""
"408",714,106,130,76,49928.2783333333,201059.714285714,""
"409",715,41,43,40,24278.7149047619,27769.4852380952,""
"410",716,37,41,31,12913.8842857143,43187.1495238095,""
"411",717,51,53,37,10667.1928095238,34156.0314285714,""
"412",718,185,211,111,352003.392419048,1945558.22666667,""
"413",719,421,519,200,1929980.70169048,8568070.01380952,""
"414",720,388,472,189,1088978.62640952,6484025.83952381,""
"415",721,108,106,58,43035.2830238095,105599.425238095,""
"416",722,52,48,45,13578.1021428571,37287.2885714286,""
"417",723,24,24,24,3440.25380952381,1951.25714285714,""
"418",724,19,17,20,3070.7969047619,720.009523809524,""
"419",725,17,18,15,4737.7630952381,11864.6261904762,""
"420",726,38,39,32,7043.65904761905,23601.0523809524,""
"421",727,14,14,16,2039.8,2365.06666666667,""
"422",728,20,19,19,4441.78023809524,18539.8857142857,""
"423",729,52,57,49,6200.76892857143,7237.30952380952,""
"424",730,63,64,55,42849.6708809524,26735.9619047619,""
"425",731,39,42,42,39204.3671428571,19912.1595238095,""
"426",732,61,64,51,40503.6219333333,59548.9214285714,""
"427",733,32,32,29,17372.0792857143,12069.7428571429,""
"428",734,33,31,31,21323.6097857143,16949.2214285714,""
"429",735,23,21,19,4570.6630952381,6031.12380952381,""
"430",736,21,23,19,7476.02876190476,10914.3880952381,""
"431",737,149,155,103,262698.20252381,779692.551904762,""
"432",738,227,236,120,630616.806433333,4411125.99285714,""
"433",739,300,344,151,1732937.9421619,13903323.4985714,""
"434",740,404,502,195,746254.499161905,2551311.98,""
"435",741,96,116,66,32654.4871428571,218316.990952381,""
"436",742,100,101,68,63043.9170380952,133643.06952381,""
"437",743,84,79,63,232750.426190476,223071.474761905,""
"438",744,39,42,32,30101.3572857143,94578.9861904762,""
"439",745,158,178,93,126918.903642857,359990.107619048,""
"440",746,37,36,31,9322.44809523809,19096.9095238095,""
"441",747,41,41,31,9026.80892857143,13433.6761904762,""
"442",748,50,51,37,7072.22023809524,9075.49333333333,""
"443",749,44,46,38,83150.1457142857,30763.2833333333,""
"444",750,69,77,68,66761.0646428571,14987.0404761905,""
"445",751,35,35,47,38463.4711904762,14878.8328571429,""
"446",752,70,71,48,11303.892952381,12785.5452380952,""
"447",753,22,23,25,5101.38940476191,1533.54047619048,""
"448",754,25,24,19,3058.49761904762,1216.03571428571,""
"449",755,31,34,26,1913.97523809524,766.095238095238,""
"450",756,153,175,91,496572.971428571,1045545.67238095,""
"451",757,284,283,157,676657.6802,1401523.60142857,""
"452",758,143,143,79,91875.6333333333,294529.782380952,""
"453",759,100,102,69,93662.082952381,198372.198095238,""
"454",760,318,335,120,222051.125952381,568049.569047619,""
"455",761,264,328,135,369642.964714286,1079156.58238095,""
"456",762,421,516,187,2741144.09012381,12867732.6938095,""
"457",763,80,84,62,52910.3800952381,95827.9285714286,""
"458",764,41,46,27,43122.707047619,137012.435714286,""
"459",765,225,288,135,427744.305157143,454242.449523809,""
"460",766,20,22,18,4984.65142857143,2446.65714285714,""
"461",767,105,105,69,31718.8146428571,98541.4714285714,""
"462",768,50,53,38,12822.2641428571,26224.669047619,""
"463",769,30,32,25,4036.97714285714,13818.9833333333,""
"464",770,80,87,52,29029.2333333333,25951.1714285714,""
"465",771,73,76,18,13927.7392857143,10419.0823809524,""
"466",772,20,19,14,37500.0121428571,9035.19523809524,""
"467",773,17,18,13,16266.1681428571,3501.49476190476,""
"468",774,17,17,10,1250.15285714286,571.372857142857,""
"469",775,10,9,8,1006.95476190476,504.714285714286,""
"470",776,18,19,21,8883.60809523809,3068.59047619048,""
"471",777,20,20,22,11239.6633333333,6701.98571428571,""
"472",792,4,4,4,237.434523809524,49.7857142857143,""
"473",797,3,3,3,182.340476190476,40.1,""
"474",800,67,68,45,27861.5552380952,13410.6433333333,""
"475",801,167,169,113,362134.200157143,597342.037619048,""
"476",802,167,174,109,266471.747238095,528624.447619048,""
"477",803,133,134,88,478254.539361905,210565.197142857,""
"478",804,76,79,59,74429.1339285714,153837.455238095,""
"479",805,109,115,69,78383.0682142857,276268.219047619,""
"480",806,234,262,101,768257.460647619,4227743.00095238,""
"481",807,357,413,145,4142936.31474286,23742368.7590476,""
"482",808,68,68,47,55137.2416666667,242997.595238095,""
"483",809,46,48,37,24525.4378571429,54940.5333333333,""
"484",810,40,41,30,13942.798452381,14825.069047619,""
"485",811,30,34,27,5361.4865952381,2471.43095238095,""
"486",812,43,54,38,20275.1690238095,19012.6904761905,""
"487",813,163,231,146,668532.304514286,305352.435714286,""
"488",814,100,168,90,422846.406261905,180326.864761905,""
"489",815,27,35,24,44700.0534761905,6751.09904761905,""
"490",816,16,16,21,56318.4542857143,5651.64285714286,""
"491",817,23,26,19,5041.38214285714,2261.21904761905,""
"492",818,16,17,19,2477.75714285714,1912.40476190476,""
"493",819,20,21,15,2961.24547619048,1106.38095238095,""
"494",820,38,43,33,5306.58595238095,1739.4880952381,""
"495",821,62,62,54,231453.837238095,32504.0514285714,""
"496",822,117,119,76,131195.908761905,255812.604761905,""
"497",823,71,63,49,14294.94,8775.65952380952,""
"498",824,61,56,46,20398.7564285714,22058.1047619048,""
"499",825,75,81,53,29977.6384285714,36848.9666666667,""
"500",826,80,85,58,61535.9245238095,137992.808095238,""
"501",827,85,85,68,45457.8747619048,76698.0238095238,""
"502",828,71,72,57,37338.1576666667,75596.0919047619,""
"503",829,180,259,125,464260.85902381,707146.031904762,""
"504",830,46,56,36,32563.945,45511.2571428571,""
"505",831,24,25,21,9073.03119047619,11863.6847619048,""
"506",832,29,29,27,19808.1507142857,36685.6090476191,""
"507",833,15,14,12,1249.52428571429,424.076190476191,""
"508",834,9,9,12,5333.86833333333,7557.38095238095,""
"509",835,10,14,12,2342.3130952381,694.116666666667,""
"510",836,6,7,6,1603.09047619048,2000.7619047619,""
"511",837,13,15,11,5526.80380952381,19836.9523809524,""
"512",838,8,8,10,2270.54876190476,4763.13333333333,""
"513",839,9,9,9,1998.90714285714,5417.71428571429,""
"514",840,49,52,35,11769.7316666667,9094.78095238095,""
"515",841,14,13,11,2622.73521428571,400.688095238095,""
"516",842,191,186,106,433685.37902381,694146.211428571,""
"517",843,124,128,60,475005.018923809,1672339.59761905,""
"518",844,103,100,61,55880.4536904762,59726.4314285714,""
"519",845,100,103,54,67941.3862619048,35730.3161904762,""
"520",846,81,80,49,33834.86,28614.1866666667,""
"521",847,110,118,65,150018.244214286,460028.623809524,""
"522",848,110,113,61,117615.920166667,334093.263809524,""
"523",849,181,198,116,424832.312809524,1205982.68,""
"524",850,326,450,185,1415147.91480476,1525370.98238095,""
"525",851,35,38,34,10857.5685714286,10279.2452380952,""
"526",852,21,21,21,2974.34928571429,931.426666666667,""
"527",853,15,15,14,2772.98857142857,2471.13333333333,""
"528",854,19,19,18,2797.41083333333,1096.29285714286,""
"529",855,18,19,19,5362.13571428571,5288.45238095238,""
"530",856,26,29,23,3803.87095238095,1650.66666666667,""
"531",857,34,34,32,18079.773452381,21283.5761904762,""
"532",858,19,20,16,10730.2095333333,5381.76619047619,""
"533",859,42,45,37,14432.9567047619,4727.72380952381,""
"534",860,489,522,254,2600390.96580476,1071412.92904762,""
"535",861,245,240,129,217945.115690476,296210.931904762,""
"536",862,186,211,104,157925.0345,166144.407619048,""
"537",863,134,133,84,140500.470857143,250184.133333333,""
"538",864,140,145,85,104037.391280952,198260.137619048,""
"539",865,145,160,109,80311.3462142857,127936.41952381,""
"540",866,167,174,96,177305.809428571,437554.426666667,""
"541",867,331,415,166,1276801.88719048,2185356.22285714,""
"542",868,114,109,69,49346.0100047619,105774.918095238,""
"543",869,146,148,75,47583.3182190476,64558.6514285714,""
"544",870,41,46,34,8569.62190476191,10693.1857142857,""
"545",871,75,81,56,92980.0563095238,181844.382857143,""
"546",872,33,34,31,17652.1026190476,36395.3285714286,""
"547",873,18,18,16,4685.28928571429,5635,""
"548",874,24,25,18,5282.595,2725.57619047619,""
"549",875,12,12,11,1074.37261904762,1794.87619047619,""
"550",876,19,23,21,2978.37666666667,2850.23333333333,""
"551",877,75,69,55,51105.9300952381,67478.2604761905,""
"552",878,140,141,96,161963.273238095,183082.116666667,""
"553",879,61,64,51,22952.8880952381,49124.8757142857,""
"554",880,146,152,78,25050.7835714286,11812.6604761905,""
"555",881,84,83,53,18548.0483333333,10965.8061904762,""
"556",882,130,134,64,220656.177285714,671152.722857143,""
"557",883,107,112,69,40708.3720857143,29507.9761904762,""
"558",884,93,102,69,42781.9098809524,30247.8352380952,""
"559",885,82,84,55,35357.9436904762,21671.9976190476,""
"560",886,78,80,56,34592.9795238095,42830.8695238095,""
"561",887,64,69,48,45966.3501666667,40464.9219047619,""
"562",888,55,58,36,62929.6176190476,78063.6857142857,""
"563",889,48,49,38,65540.4770238095,134024.742857143,""
"564",890,45,51,55,28313.6,35006.1357142857,""
"565",891,27,27,23,18183.8202380952,21231.7780952381,""
"566",892,30,29,21,20304.5433333333,28628.6428571429,""
"567",893,5,4,6,928.644047619048,121.588095238095,""
"568",894,5,5,5,864.738095238095,4542.90476190476,""
"569",895,18,18,19,15466.8414761905,5926.07142857143,""
"570",896,30,31,26,54648.7633333333,31083.6404761905,""
"571",897,98,118,96,249511.484857143,211535.13047619,""
"572",898,7,5,6,394.672619047619,138.128571428571,""
"573",900,1,1,1,NA,NA,"***"
"574",901,3,3,3,56.3738095238095,26.0285714285714,""
"575",902,5,5,4,434.167857142857,131.87619047619,""
"576",903,3,3,3,88.4416666666667,42.1095238095238,""
"577",904,4,3,3,92.102380952381,53.4761904761905,""
"578",910,8,8,8,1060.11904761905,581.521428571429,""
"579",911,1,1,1,NA,NA,"***"
"580",912,1,1,1,NA,NA,"***"
"581",914,1,1,1,NA,NA,"***"
"582",916,6,6,7,986.716666666667,2010.0119047619,""
"583",920,1,1,2,NA,NA,"***"
"584",923,1,1,1,NA,NA,"***"
"585",926,2,2,1,NA,NA,"***"
"586",938,2,2,2,NA,NA,"***"
"587",946,1,1,1,NA,NA,"***"
"588",950,85,82,72,128976.781261905,59509.9242857143,""
"589",1030,52,56,33,3318.1207047619,2781.97333333333,""
"590",1031,13,13,10,2519.95476190476,2350.88095238095,""
"591",1032,140,148,95,57646.2693809524,32147.7514285714,""
"592",1033,100,98,51,15939.2328571429,11332.2676190476,""
"593",1034,212,237,94,127170.274642857,271021.566666667,""
"594",1035,342,364,152,179816.041347619,411934.772857143,""
"595",1036,697,707,205,1927957.29091905,1147511.52190476,""
"596",1037,631,673,180,390910.735442857,408223.134285714,""
"597",1038,1462,1952,423,6587452.60436667,4065013.23095238,""
"598",1040,802,841,161,2951820.30210476,3293409.51333333,""
"599",1041,478,528,87,5985525.22172857,8808505.07238095,""
"600",1042,587,747,153,14511279.3963571,10668944.0719048,""
"601",1100,101,104,51,100624.903057143,66436.5057142857,""
"602",1101,1,1,1,NA,NA,"***"
"603",1102,3,3,3,1015.00238095238,1287.33095238095,""
"604",1104,6,6,5,981.811904761905,623.309523809524,""
"605",1105,3,3,3,553.142857142857,286.02380952381,""
"606",1107,8,8,4,20421.5004761905,10119.1904761905,""
"607",1108,6,6,6,2796.95119047619,3082,""
"608",1109,6,6,5,3987.59047619048,4474.47619047619,""
"609",1110,2,2,2,NA,NA,"***"
"610",1111,5,5,6,4800.77857142857,3434.14761904762,""
"611",1114,1,1,1,NA,NA,"***"
"612",1119,1,1,1,NA,NA,"***"
"613",1120,1,1,1,NA,NA,"***"
"614",1121,1,1,1,NA,NA,"***"
"615",1130,5,5,1,NA,NA,"***"
"616",1133,2,2,2,NA,NA,"***"
"617",1134,1,1,1,NA,NA,"***"
"618",1136,1,1,1,NA,NA,"***"
"619",1139,2,2,2,NA,NA,"***"
"620",1140,1,1,2,NA,NA,"***"
"621",1143,1,1,1,NA,NA,"***"
"622",1144,1,1,1,NA,NA,"***"
"623",1147,5,5,7,5434.99166666667,3758.06666666667,""
"624",1148,1,1,1,NA,NA,"***"
"625",1166,1,1,1,NA,NA,"***"
"626",1169,28,26,21,12792.6201190476,9783.29047619048,""
"627",1170,3,3,3,773.761904761905,255.333333333333,""
"628",1172,1,1,1,NA,NA,"***"
"629",1175,63,65,38,93999.7815714286,74904.1571428571,""
"630",1176,3,3,3,3174.66404761905,4648.04761904762,""
"631",1177,8,8,8,6720.7005952381,4198.75,""
"632",1199,2,2,2,NA,NA,"***"
"633",1300,8,8,8,9992.54523809524,6171.19047619048,""
"634",2600,1,1,1,NA,NA,"***"
"635",3028,111,176,47,3578227.6563,1486088.44333333,""
"636",3900,19,25,16,281963.495928571,495110.148095238,""
"637",3930,1,1,1,NA,NA,"***"
"638",3957,1,1,1,NA,NA,"***"
"639",4960,1,1,1,NA,NA,"***"
"640",8400,1,1,1,NA,NA,"***"
