block_id,block_long_dd,block_lat_dd,together
101,-123.9178524,41.91649531,"(41.9164953068514,-123.917852365786)"
102,-124.2712795,41.9181102,"(41.9181101969308,-124.27127951148)"
103,-124.4178757,41.91650097,"(41.916500965901,-124.417875721303)"
104,-124.5845539,41.91650708,"(41.9165070759883,-124.584553929463)"
105,-124.7512238,41.91651074,"(41.9165107389593,-124.751223844493)"
106,-124.9178934,41.91650265,"(41.9165026546371,-124.917893352965)"
107,-124.1558194,41.69727386,"(41.6972738632635,-124.155819397221)"
108,-124.2641709,41.73900121,"(41.7390012052708,-124.26417087042)"
109,-124.417872,41.74983142,"(41.7498314217775,-124.417872025058)"
110,-124.5845448,41.74983426,"(41.7498342577892,-124.5845448033)"
111,-124.7512175,41.74983509,"(41.7498350906052,-124.751217486859)"
112,-124.9178888,41.74983559,"(41.7498355900984,-124.917888837189)"
113,-123.9561687,41.44050371,"(41.4405037139562,-123.956168675689)"
114,-124.1325015,41.57068923,"(41.5706892347759,-124.132501471546)"
115,-124.2511919,41.58316817,"(41.5831681737798,-124.251191931577)"
116,-124.4178655,41.5831685,"(41.5831684988223,-124.417865472044)"
117,-124.5845391,41.58316884,"(41.5831688396643,-124.584539079142)"
118,-124.7512115,41.5831693,"(41.5831692974803,-124.751211537123)"
119,-124.9178832,41.58316966,"(41.583169663777,-124.917883154035)"
120,-124.1188934,41.41805468,"(41.4180546840646,-124.11889342066)"
121,-124.2511894,41.41650397,"(41.4165039690529,-124.251189440168)"
122,-124.4178618,41.41650342,"(41.4165034192086,-124.417861839318)"
123,-124.5845343,41.41650335,"(41.4165033522424,-124.584534288549)"
124,-124.7512064,41.41650359,"(41.4165035854682,-124.751206388268)"
125,-124.9178781,41.41650387,"(41.416503868538,-124.917878054846)"
126,-124.134571,41.26042074,"(41.2604207368614,-124.134571021463)"
127,-124.2511868,41.24983873,"(41.2498387296347,-124.251186764961)"
128,-124.4178583,41.24983791,"(41.2498379131299,-124.417858280948)"
129,-124.5845301,41.24983766,"(41.2498376630185,-124.584530130126)"
130,-124.7512019,41.24983787,"(41.2498378713642,-124.751201921664)"
131,-124.9178735,41.24983808,"(41.2498380795395,-124.917873513313)"
132,-124.1479407,41.0594464,"(41.0594464028928,-124.147940735964)"
133,-124.2511835,41.08317351,"(41.083173505111,-124.25118350639)"
134,-124.4178545,41.0831724,"(41.0831723967769,-124.417854514178)"
135,-124.5845259,41.08317204,"(41.0831720385636,-124.584525921905)"
136,-124.7511976,41.08317225,"(41.0831722469532,-124.751197646942)"
137,-124.9178693,41.08317253,"(41.0831725302208,-124.917869280264)"
138,-125.2512296,41.74962703,"(41.7496270270185,-125.251229638482)"
139,-125.2512171,41.24963544,"(41.2496354416751,-125.251217066697)"
201,-124.1493037,40.94940055,"(40.9494005498972,-124.149303652584)"
202,-124.2517406,40.91704467,"(40.9170446668989,-124.251740594855)"
203,-124.41785,40.91650705,"(40.9165070452511,-124.417849996675)"
204,-124.5845214,40.91650679,"(40.9165067873056,-124.584521388031)"
205,-124.7511933,40.91650705,"(40.9165070540902,-124.751193254856)"
206,-124.9178652,40.91650748,"(40.916507479233,-124.917865246805)"
207,-125.0845376,40.91650817,"(40.9165081711022,-125.084537555613)"
208,-124.1425939,40.82439228,"(40.824392283873,-124.142593904564)"
209,-124.2330378,40.72046925,"(40.7204692546766,-124.233037831256)"
210,-124.2815655,40.76658849,"(40.7665884910383,-124.281565450795)"
211,-124.4178446,40.74984242,"(40.7498424173883,-124.417844604475)"
212,-124.5845165,40.74984216,"(40.749842159243,-124.584516529762)"
213,-124.7511889,40.74984257,"(40.7498425675937,-124.751188855152)"
214,-124.9178614,40.74984317,"(40.7498431677368,-124.91786143876)"
215,-125.0845343,40.74984381,"(40.7498438094516,-125.084534297533)"
216,-124.322163,40.64690055,"(40.6469005477793,-124.322163042823)"
217,-124.4255523,40.58885981,"(40.5888598056903,-124.425552276273)"
218,-124.5845113,40.58317851,"(40.5831785126898,-124.584511320975)"
219,-124.7511846,40.58317877,"(40.5831787709601,-124.751184630037)"
220,-124.9178578,40.58317938,"(40.5831793791914,-124.917857838908)"
221,-125.0845312,40.58317996,"(40.583179962592,-125.08453118922)"
222,-124.4413708,40.41158769,"(40.4115876892962,-124.441370796139)"
223,-124.5845066,40.41651584,"(40.4165158389674,-124.584506555452)"
224,-124.7511806,40.41651599,"(40.4165159889573,-124.751180639117)"
225,-124.9178546,40.41651629,"(40.4165162887674,-124.917854639335)"
226,-125.0845284,40.41651681,"(40.4165168136661,-125.084528431531)"
227,-124.2989608,40.18974259,"(40.1897425885114,-124.29896075018)"
228,-124.4231307,40.24724515,"(40.2472451451423,-124.423130678569)"
229,-124.5845027,40.24985364,"(40.249853637957,-124.584502730752)"
230,-124.7511773,40.2498537,"(40.2498537045088,-124.751177347896)"
231,-124.9178519,40.2498539,"(40.2498538961547,-124.917851889712)"
232,-125.084526,40.2498543,"(40.2498543041736,-125.084526048194)"
233,-124.1202438,40.04903068,"(40.0490306840236,-124.120243754446)"
234,-124.2544745,40.0797234,"(40.0797234001717,-124.25447449281)"
235,-124.4178245,40.08319209,"(40.0831920927172,-124.417824530715)"
236,-124.5844993,40.08319186,"(40.0831918600021,-124.584499281089)"
237,-124.7511744,40.0831918,"(40.083191801469,-124.751174406334)"
238,-124.9178493,40.08319186,"(40.0831918597374,-124.917849348166)"
239,-125.0845237,40.08319208,"(40.083192084207,-125.08452365656)"
240,-125.4178802,40.74964692,"(40.7496469193083,-125.417880212444)"
241,-125.4178724,40.24966167,"(40.2496616658868,-125.417872434709)"
242,-123.957745,39.882706,"(39.8827059991342,-123.957745042246)"
243,-124.0850657,39.91593462,"(39.9159346205885,-124.085065679057)"
244,-124.2511469,39.91653139,"(39.9165313880023,-124.251146890217)"
245,-124.4178215,39.91653094,"(39.9165309383314,-124.417821523688)"
246,-124.5844968,39.91653072,"(39.9165307217226,-124.584496840608)"
247,-124.7511721,39.91653054,"(39.9165305381262,-124.751172140607)"
248,-123.8171219,39.69140456,"(39.6914045623642,-123.817121907093)"
249,-123.9195328,39.74863939,"(39.7486393897797,-123.919532751619)"
250,-124.0844713,39.7498718,"(39.74987179738,-124.084471265613)"
251,-124.251145,39.74987127,"(39.7498712725754,-124.251145007472)"
252,-124.4178198,39.74987075,"(39.7498707479683,-124.417819765948)"
253,-124.5844953,39.74987021,"(39.7498702145098,-124.584495282503)"
254,-124.7511706,39.74986972,"(39.7498697226021,-124.751170590837)"
255,-123.8068768,39.58003881,"(39.5800388106628,-123.806876796738)"
256,-123.9177976,39.58321292,"(39.5832129205782,-123.917797640508)"
257,-124.0844698,39.58321252,"(39.5832125217219,-124.084469824509)"
258,-124.2511438,39.58321174,"(39.5832117385147,-124.251143808116)"
259,-124.4178187,39.58321088,"(39.5832108804717,-124.417818749897)"
260,-124.5844943,39.58321001,"(39.5832100052937,-124.584494258326)"
261,-124.7511695,39.58320925,"(39.5832092466749,-124.751169533137)"
262,-123.8228874,39.43367707,"(39.4336770673087,-123.822887407113)"
263,-123.9177967,39.41655415,"(39.416554151743,-123.917796674923)"
264,-124.0844695,39.41655364,"(39.4165536355898,-124.084469542427)"
265,-124.2511437,39.41655246,"(39.4165524606982,-124.251143734329)"
266,-124.4178187,39.41655128,"(39.4165512774475,-124.417818684154)"
267,-124.584494,39.41655003,"(39.4165500273284,-124.584494000538)"
268,-123.8056652,39.23313276,"(39.2331327558763,-123.805665207)"
269,-123.9177976,39.24989533,"(39.2498953299121,-123.917797559819)"
270,-124.0844707,39.24989441,"(39.2498944136259,-124.084470660106)"
271,-124.2511447,39.24989291,"(39.2498929054419,-124.251144734858)"
272,-124.4178194,39.24989135,"(39.2498913471591,-124.417819376226)"
273,-124.5844942,39.24988983,"(39.2498898303748,-124.584494175819)"
274,-123.7703205,39.07762572,"(39.077625715627,-123.770320485571)"
275,-123.9178006,39.08323542,"(39.0832354222817,-123.917800594544)"
276,-124.0844729,39.08323431,"(39.0832343146153,-124.08447290254)"
277,-124.2511463,39.08323267,"(39.0832326730713,-124.251146310187)"
278,-124.4178203,39.08323092,"(39.0832309232835,-124.417820259626)"
279,-124.5844944,39.08322921,"(39.08322920651,-124.584494425838)"
280,-125.0845192,39.7496801,"(39.7496801018528,-125.084519220633)"
281,-124.917842,39.24970236,"(39.2497023566933,-124.917841987045)"
301,-122.3828365,38.06522285,"(38.0652228515628,-122.382836513984)"
401,-123.655382,38.84847409,"(38.8484740883119,-123.655381968006)"
402,-123.7652271,38.9098224,"(38.9098224028269,-123.765227111163)"
403,-123.9178021,38.91657335,"(38.9165733542962,-123.917802082681)"
404,-124.0844743,38.91657267,"(38.916572671685,-124.084474250544)"
405,-124.2511474,38.9165712,"(38.9165711969301,-124.251147375872)"
406,-124.4178208,38.91656963,"(38.9165696305166,-124.417820842549)"
407,-123.4705058,38.6928346,"(38.6928345973535,-123.47050582709)"
408,-123.5957245,38.73653442,"(38.7365344189121,-123.595724477988)"
409,-123.7511291,38.74991,"(38.7499100022223,-123.751129107798)"
410,-123.9178015,38.74991039,"(38.7499103856287,-123.917801524978)"
411,-124.0844744,38.74991001,"(38.7499100108987,-124.084474350467)"
412,-124.2511476,38.74990889,"(38.7499088944589,-124.251147550451)"
413,-124.4178209,38.74990749,"(38.7499074862631,-124.417820925534)"
414,-123.2985788,38.52320138,"(38.5232013824352,-123.298578789702)"
415,-123.4268247,38.57476827,"(38.5747682693131,-123.426824673139)"
416,-123.5844572,38.5832458,"(38.5832457975255,-123.58445720036)"
417,-123.7511292,38.58324663,"(38.5832466311137,-123.751129183456)"
418,-123.9178017,38.58324714,"(38.5832471396832,-123.917801708446)"
419,-124.0844746,38.58324691,"(38.5832469065011,-124.084474558763)"
420,-124.2511476,38.58324612,"(38.583246123317,-124.251147575434)"
421,-124.4178207,38.58324505,"(38.583245048414,-124.417820650184)"
422,-123.1283399,38.38604968,"(38.3860496804737,-123.128339910574)"
423,-123.2525344,38.41498548,"(38.4149854830463,-123.252534400032)"
424,-123.4177883,38.41658088,"(38.4165808826152,-123.417788266719)"
425,-123.5844585,38.41658229,"(38.4165822914861,-123.584458508843)"
426,-123.75113,38.41658323,"(38.4165832333018,-123.751130017049)"
427,-123.9178021,38.41658372,"(38.416583716808,-123.91780213349)"
428,-124.0844747,38.41658366,"(38.4165836586017,-124.084474708557)"
430,-122.948456,38.19344283,"(38.1934428280812,-122.948455979465)"
431,-123.0875197,38.24582723,"(38.2458272322887,-123.087519666621)"
432,-123.2511185,38.24991745,"(38.2499174505599,-123.251118516322)"
433,-123.4177891,38.24991827,"(38.2499182667171,-123.417789083291)"
434,-123.5844597,38.24991928,"(38.2499192751866,-123.584459708643)"
435,-123.7511309,38.24991993,"(38.2499199251442,-123.751130942028)"
436,-123.9178026,38.24992033,"(38.2499203336647,-123.917802633592)"
437,-124.0844748,38.24992028,"(38.2499202754173,-124.084474791867)"
438,-122.9499484,38.06873069,"(38.068730689021,-122.949948436733)"
439,-123.0848681,38.08365835,"(38.0836583467442,-123.084868050699)"
440,-123.2511182,38.08325597,"(38.0832559744411,-123.251118157964)"
441,-123.4177894,38.08325602,"(38.0832560239207,-123.417789374905)"
442,-123.5844604,38.08325642,"(38.0832564236854,-123.584460358409)"
443,-123.7511316,38.08325673,"(38.0832567319928,-123.751131550131)"
444,-123.917803,38.08325695,"(38.0832569486502,-123.917803016758)"
445,-124.0844747,38.08325686,"(38.0832568570344,-124.084474724954)"
446,-122.6245022,37.85891238,"(37.8589123831012,-122.624502173299)"
447,-122.7643678,37.89186138,"(37.8918613797988,-122.764367816479)"
448,-122.9173423,37.91609262,"(37.9160926209337,-122.917342274243)"
449,-123.0847573,37.91625121,"(37.9162512065407,-123.084757336592)"
450,-123.2511179,37.91659321,"(37.9165932115388,-123.251117883662)"
451,-123.4177894,37.91659316,"(37.9165931616225,-123.417789383473)"
452,-123.5844606,37.91659328,"(37.9165932783344,-123.584460566667)"
453,-123.7511318,37.91659348,"(37.9165934784387,-123.751131750025)"
455,-122.5868489,37.74837475,"(37.7483747506029,-122.58684888906)"
456,-122.7510983,37.74992868,"(37.7499286835197,-122.751098275302)"
457,-122.9177549,37.74993996,"(37.7499399594931,-122.917754916812)"
458,-123.084549,37.74999481,"(37.7499948146038,-123.084548989992)"
459,-123.251118,37.74992918,"(37.7499291816078,-123.251117974674)"
460,-123.4177894,37.74992951,"(37.7499295148441,-123.417789441411)"
461,-123.5844605,37.74992988,"(37.7499298814396,-123.58446052473)"
462,-123.7511315,37.74993008,"(37.7499300814747,-123.751131524616)"
464,-122.5872079,37.58543549,"(37.5854354901206,-122.587207896206)"
465,-122.7510993,37.58326757,"(37.5832675681175,-122.751099268186)"
466,-122.9177733,37.58326633,"(37.5832663343805,-122.917773317437)"
467,-123.0844461,37.58326577,"(37.5832657666894,-123.084446099863)"
468,-123.2511177,37.583266,"(37.5832659997632,-123.251117716357)"
469,-123.4177891,37.58326629,"(37.5832662911934,-123.417789057823)"
470,-123.5844601,37.58326653,"(37.5832665327003,-123.584460116216)"
471,-123.751131,37.58326669,"(37.5832666910161,-123.75113102468)"
472,-122.462898,37.40368635,"(37.4036863495578,-122.462898045619)"
473,-122.5844266,37.41660706,"(37.4166070579502,-122.584426567331)"
474,-122.7511,37.41660574,"(37.416605741507,-122.751100033864)"
475,-122.9177732,37.41660441,"(37.4166044082191,-122.91777321687)"
476,-123.0844456,37.41660351,"(37.4166035077683,-123.084445599564)"
477,-123.2511171,37.41660334,"(37.4166033409198,-123.251117116204)"
478,-122.4521132,37.24716549,"(37.2471654869892,-122.452113238914)"
479,-122.5844269,37.24994373,"(37.2499437304719,-122.584426867012)"
480,-122.7510999,37.249943,"(37.2499429972532,-122.751099883425)"
481,-122.9177726,37.24994201,"(37.2499420138588,-122.917772583241)"
482,-123.0844447,37.2499412,"(37.2499411969854,-123.084444682912)"
483,-123.2511162,37.24994086,"(37.2499408550875,-123.251116191126)"
484,-124.7511664,38.74972386,"(38.7497238583443,-124.751166433539)"
485,-124.4178192,38.24974281,"(38.2497428102431,-124.417819186662)"
486,-124.0844741,37.74975798,"(37.7497579767403,-124.084474140282)"
487,-123.584459,37.33325742,"(37.333257422635,-123.584458952522)"
488,-122.3611648,37.814535,"(37.8145349980914,-122.36116482985)"
489,-122.2160584,37.58431647,"(37.5843164709649,-122.216058373441)"
501,-122.2846356,37.04573208,"(37.0457320823038,-122.284635558045)"
502,-122.4195447,37.08158084,"(37.0815808352833,-122.419544656262)"
503,-122.584427,37.08328065,"(37.0832806512321,-122.584427000146)"
504,-122.7510995,37.08328018,"(37.0832801845317,-122.751099516591)"
505,-122.9177718,37.08327944,"(37.0832794427818,-122.917771758134)"
506,-123.0844435,37.08327875,"(37.0832787509217,-123.084443532707)"
507,-121.8230628,36.85261784,"(36.8526178429676,-121.823062803821)"
508,-121.9238656,36.89571151,"(36.8957115114313,-121.923865564974)"
509,-122.0870843,36.89762619,"(36.8976261875054,-122.087084334711)"
510,-122.2513032,36.91638945,"(36.9163894474718,-122.251303193978)"
511,-122.4177541,36.91661792,"(36.9166179202575,-122.417754099301)"
512,-122.5844265,36.91661779,"(36.916617786817,-122.584426482857)"
513,-122.7510986,36.91661734,"(36.9166173366758,-122.751098649387)"
514,-122.9177705,36.91661667,"(36.9166166699393,-122.91777054931)"
515,-123.084442,36.91661594,"(36.9166159447145,-123.084442024211)"
516,-121.8176729,36.76192613,"(36.7619261336809,-121.81767287453)"
517,-121.9177336,36.74995565,"(36.7499556545339,-121.917733649244)"
518,-122.0844071,36.74995538,"(36.7499553794517,-122.084407124107)"
519,-122.2510802,36.7499553,"(36.7499553042598,-122.251080232631)"
520,-122.417753,36.74995517,"(36.7499551707473,-122.417753016034)"
521,-122.5844253,36.7499549,"(36.7499549038318,-122.584425332773)"
522,-122.7510972,36.74995432,"(36.7499543203586,-122.751097232592)"
523,-122.9177689,36.74995371,"(36.7499537119751,-122.917768857522)"
524,-123.0844403,36.74995302,"(36.7499530202589,-123.084440299123)"
525,-121.82971,36.65776786,"(36.6577678628291,-121.829710023537)"
526,-121.9409905,36.60263118,"(36.6026311751242,-121.940990479579)"
527,-122.0844057,36.58329265,"(36.5832926530736,-122.084405682607)"
528,-122.2510789,36.58329239,"(36.583292386232,-122.251078932611)"
529,-122.4177518,36.58329214,"(36.5832921360212,-122.417751765932)"
530,-122.5844239,36.58329169,"(36.5832916940573,-122.584423940957)"
531,-122.7510957,36.58329113,"(36.5832911273594,-122.751095674282)"
532,-121.9576918,36.40836053,"(36.4083605269918,-121.95769184842)"
533,-122.0844057,36.41662887,"(36.4166288659026,-122.084405684219)"
534,-122.2510784,36.41662877,"(36.4166287659414,-122.25107840026)"
535,-122.4177507,36.41662854,"(36.4166285408949,-122.417750724732)"
536,-122.5844226,36.41662816,"(36.4166281574634,-122.584422591105)"
537,-122.7510941,36.41662765,"(36.4166276491141,-122.751094115937)"
538,-121.7799891,36.19525706,"(36.1952570616487,-121.779989135628)"
539,-121.9248864,36.24294873,"(36.2429487343553,-121.924886378542)"
540,-122.0844067,36.24996402,"(36.2499640190661,-122.08440672523)"
541,-122.2510785,36.24996426,"(36.2499642607513,-122.25107849986)"
542,-122.41775,36.24996436,"(36.249964360754,-122.417749999472)"
543,-122.5844213,36.2499642,"(36.2499642024774,-122.584421307639)"
544,-122.7510926,36.24996384,"(36.2499638358816,-122.751092557553)"
545,-123.4177844,36.91644956,"(36.9164495595861,-123.417784431115)"
546,-123.0844368,36.41646515,"(36.4164651455828,-123.084436826472)"
547,-121.6228663,36.05012975,"(36.0501297521514,-121.622866305645)"
548,-121.7513119,36.08304799,"(36.0830479885952,-121.751311892138)"
549,-121.9177355,36.08329795,"(36.0832979538818,-121.917735516113)"
550,-122.0844069,36.083299,"(36.0832990039873,-122.084406899621)"
551,-122.2510781,36.08329955,"(36.0832995540278,-122.251078149516)"
552,-122.4177491,36.08329995,"(36.0832999456452,-122.417749107662)"
553,-121.4709884,35.88279815,"(35.8827981520247,-121.47098839461)"
554,-121.5843922,35.91662375,"(35.9166237521402,-121.584392188171)"
555,-121.7510616,35.91663135,"(35.9166313468756,-121.751061598129)"
556,-121.9177345,35.9166329,"(35.9166329043329,-121.917734456553)"
557,-122.0844058,35.91663417,"(35.916634170791,-122.084405840254)"
558,-122.2510768,35.91663495,"(35.9166349540864,-122.251076806821)"
559,-122.4177475,35.91663549,"(35.9166354873867,-122.417747540218)"
560,-121.3178984,35.70575202,"(35.7057520207606,-121.317898411176)"
561,-121.4213094,35.74602141,"(35.7460214145641,-121.421309376355)"
562,-121.5843847,35.7499658,"(35.7499658043137,-121.584384731615)"
563,-121.7510592,35.74996712,"(35.7499671202596,-121.751059181272)"
564,-121.9177321,35.74996848,"(35.7499684779542,-121.917732089631)"
565,-122.0844036,35.74996966,"(35.7499696608363,-122.084403623198)"
566,-122.2510745,35.74997051,"(35.7499705108036,-122.251074489915)"
567,-122.4177452,35.74997123,"(35.7499712274659,-122.417745240076)"
568,-122.7510891,35.91647847,"(35.9164784714591,-122.751089085513)"
601,-121.1294928,35.54537847,"(35.5453784733375,-121.129492756714)"
602,-121.2542222,35.57814731,"(35.5781473102908,-121.254222163054)"
603,-121.4177077,35.58330263,"(35.5833026339797,-121.417707707284)"
604,-121.5843822,35.58330242,"(35.5833024174872,-121.58438223979)"
605,-121.7510563,35.58330333,"(35.5833033335646,-121.75105627284)"
606,-121.9177291,35.5833044,"(35.5833043997514,-121.917729122691)"
607,-120.9332999,35.38792708,"(35.3879270825234,-120.93329985238)"
608,-121.0867035,35.41425611,"(35.4142561141599,-121.086703453723)"
609,-121.2510313,35.41663981,"(35.4166398120643,-121.251031265758)"
610,-121.4177055,35.41663922,"(35.4166392204543,-121.417705474083)"
611,-121.5843796,35.41663935,"(35.4166393455319,-121.584379581748)"
612,-121.7510531,35.4166399,"(35.4166399034751,-121.751053139601)"
613,-121.9177257,35.41664065,"(35.4166406530966,-121.917725739377)"
614,-120.7841026,35.17550543,"(35.1755054275825,-120.784102648852)"
615,-120.9335938,35.24504419,"(35.2450441910081,-120.933593794424)"
616,-121.0843558,35.24997587,"(35.2499758714447,-121.084355774478)"
617,-121.2510296,35.24997582,"(35.2499758216858,-121.251029607585)"
618,-121.4177035,35.24997576,"(35.2499757635737,-121.41770354891)"
619,-121.5843772,35.24997602,"(35.2499760216148,-121.58437715671)"
620,-121.75105,35.24997649,"(35.2499764881134,-121.751049956419)"
621,-121.9177223,35.24997718,"(35.249977179659,-121.917722331141)"
622,-120.6508118,35.07341774,"(35.0734177385234,-120.650811812854)"
623,-120.7515968,35.08240139,"(35.0824013852813,-120.751596776515)"
624,-120.9176825,35.0833101,"(35.0833100954976,-120.917682483206)"
625,-121.0843553,35.08331105,"(35.0833110460115,-121.084355266322)"
626,-121.2510285,35.0833116,"(35.0833115962484,-121.251028516109)"
627,-121.4177017,35.083312,"(35.0833120046297,-121.417701723825)"
628,-121.5843745,35.08331248,"(35.0833124796158,-121.584374514999)"
629,-121.751047,35.08331312,"(35.0833131212968,-121.751046973121)"
630,-121.9177191,35.0833138,"(35.0833138044951,-121.9177191229)"
631,-120.647632,34.89125698,"(34.891256977289,-120.647631994042)"
632,-120.7510661,34.91665284,"(34.9166528409192,-120.751066094269)"
633,-120.9176825,34.91664545,"(34.9166454526715,-120.917682507516)"
634,-121.0843548,34.9166467,"(34.9166467026973,-121.084354774091)"
635,-121.2510273,34.91664763,"(34.9166476277833,-121.251027282152)"
636,-121.4176997,34.91664829,"(34.9166482861027,-121.417699723527)"
637,-120.6414301,34.74470038,"(34.7447003784917,-120.641430069333)"
638,-120.7510089,34.7499816,"(34.7499815995422,-120.751008940937)"
639,-120.9176816,34.74998212,"(34.7499821159714,-120.917681574134)"
640,-121.0843536,34.74998311,"(34.749983107449,-121.084353648902)"
641,-121.2510256,34.7499841,"(34.7499840990982,-121.251025590328)"
642,-121.4176974,34.74998491,"(34.7499849074136,-121.417697448487)"
643,-120.613072,34.55651905,"(34.5565190530306,-120.61307202016)"
644,-120.7510078,34.58331836,"(34.5833183609081,-120.751007774147)"
645,-120.9176803,34.58331899,"(34.5833189858543,-120.917680282324)"
646,-121.0843522,34.58331988,"(34.5833198772313,-121.084352157038)"
647,-121.2510236,34.58332083,"(34.5833208272653,-121.251023590214)"
648,-121.4176951,34.58332166,"(34.5833216605597,-121.417695089988)"
649,-122.251067,35.33295729,"(35.3329572897983,-122.251067008396)"
650,-121.7510413,34.7498381,"(34.7498380996339,-121.751041261205)"
651,-119.4669448,34.35246486,"(34.3524648635277,-119.466944781016)"
652,-119.5903893,34.37241236,"(34.3724123618526,-119.590389265207)"
653,-119.7536955,34.37147217,"(34.3714721725254,-119.753695549124)"
654,-119.9251994,34.38176319,"(34.3817631915496,-119.92519935337)"
655,-120.0859404,34.39923818,"(34.3992381789517,-120.085940374234)"
656,-120.2503169,34.40090956,"(34.4009095640536,-120.25031693001)"
657,-120.4196846,34.39687538,"(34.3968753837927,-120.419684625032)"
658,-120.5843337,34.41665448,"(34.4166544793766,-120.584333698972)"
659,-120.7510066,34.41665515,"(34.4166551541533,-120.751006607456)"
660,-120.9176788,34.41665593,"(34.4166559288962,-120.917678848906)"
661,-121.0843503,34.41665685,"(34.4166568452579,-121.084350265186)"
662,-121.2510213,34.41665776,"(34.416657761957,-121.251021315027)"
663,-121.4176924,34.41665862,"(34.4166586203429,-121.417692356473)"
664,-119.2954117,34.2166168,"(34.2166168029987,-119.295411719995)"
665,-119.4207355,34.24628626,"(34.2462862639679,-119.420735495802)"
666,-119.5842915,34.24999962,"(34.2499996216399,-119.584291498478)"
667,-119.750965,34.25000034,"(34.2500003368904,-119.750965031736)"
668,-119.9176346,34.24999915,"(34.2499991524427,-119.917634581685)"
669,-120.084305,34.2499966,"(34.2499966042988,-120.084304998277)"
670,-120.2509792,34.24999401,"(34.24999400509,-120.250979214893)"
671,-120.4176562,34.249992,"(34.2499919977003,-120.417656157333)"
672,-120.5843322,34.24999164,"(34.2499916378114,-120.584332165601)"
673,-120.7510053,34.24999225,"(34.249992254068,-120.75100526568)"
674,-120.9176772,34.24999293,"(34.2499929286451,-120.917677173725)"
675,-121.0843481,34.24999379,"(34.2499937866584,-121.084348148454)"
676,-121.2510187,34.24999471,"(34.2499947117442,-121.251018739973)"
677,-121.4176896,34.2499957,"(34.2499957034941,-121.417689614772)"
678,-118.4960774,34.00394661,"(34.0039466095927,-118.496077400518)"
679,-118.5891705,34.01833083,"(34.0183308302706,-118.589170534475)"
680,-118.7344789,34.01433131,"(34.0143313110102,-118.734478929839)"
681,-118.9284575,34.02344183,"(34.0234418346111,-118.928457476502)"
682,-119.0913599,34.04768153,"(34.0476815288226,-119.091359927352)"
683,-119.2543516,34.07935439,"(34.0793543938974,-119.25435158312)"
684,-119.417703,34.08409825,"(34.0840982504103,-119.417703001731)"
685,-119.583834,34.09489256,"(34.09489255828,-119.583834001697)"
686,-119.7464011,34.1056754,"(34.1056754000812,-119.746401144221)"
687,-119.9266115,34.09100054,"(34.091000542121,-119.92661154329)"
688,-120.082538,34.09133635,"(34.0913363531669,-120.082538047942)"
689,-120.2502553,34.08625053,"(34.0862505306538,-120.250255343173)"
690,-120.4223445,34.08900189,"(34.0890018903302,-120.422344519926)"
691,-120.5843306,34.08332895,"(34.0833289527579,-120.584330607276)"
692,-120.7510036,34.08332946,"(34.0833294605673,-120.751003582188)"
693,-120.9176752,34.0833301,"(34.0833301017752,-120.917675206948)"
694,-121.0843458,34.08333088,"(34.0833308849089,-121.084345790081)"
695,-121.2510162,34.08333178,"(34.0833317849397,-121.251016223278)"
696,-121.4176868,34.08333278,"(34.0833327766603,-121.417686814826)"
697,-121.7510332,34.24985236,"(34.2498523599176,-121.751033222981)"
701,-118.4612295,33.89760009,"(33.8976000918356,-118.46122953643)"
702,-118.5842474,33.91667862,"(33.9166786152446,-118.584247382442)"
703,-118.75092,33.91667783,"(33.9166778326765,-118.750919999601)"
704,-118.9175941,33.91667814,"(33.916678141488,-118.917594091217)"
705,-119.084268,33.9166777,"(33.916677699398,-119.084268016992)"
706,-119.2509416,33.91667603,"(33.9166760331603,-119.250941566691)"
707,-119.4176158,33.91667458,"(33.9166745751694,-119.417615824347)"
708,-119.5827084,33.91334969,"(33.9133496903664,-119.582708417519)"
709,-119.749649,33.89948786,"(33.8994878554135,-119.749649038259)"
710,-119.9177111,33.9117782,"(33.9117782040706,-119.917711095619)"
711,-120.0760029,33.87977398,"(33.8797739776334,-120.076002920334)"
712,-120.2578552,33.9102398,"(33.9102398044389,-120.257855204039)"
713,-120.4176502,33.9166673,"(33.9166673022053,-120.41765016524)"
714,-120.5843276,33.91666679,"(33.9166667913896,-120.584327572554)"
715,-120.7510006,33.91666715,"(33.9166671492021,-120.751000647614)"
716,-120.9176722,33.91666767,"(33.9166676736151,-120.917672239397)"
717,-121.0843428,33.91666831,"(33.916668314961,-121.084342814483)"
718,-118.1126224,33.70514976,"(33.7051497603514,-118.11262235939)"
719,-118.240071,33.70976222,"(33.7097622189033,-118.240071017063)"
720,-118.4340463,33.73921145,"(33.7392114462961,-118.434046328364)"
721,-118.5842463,33.75001654,"(33.7500165362475,-118.584246250261)"
722,-118.7509198,33.75001611,"(33.7500161115622,-118.750919791982)"
723,-118.9175942,33.75001628,"(33.7500162783669,-118.917594175113)"
724,-119.0842678,33.75001594,"(33.7500159360435,-119.084267783679)"
725,-119.2509406,33.75001487,"(33.750014869603,-119.250940633164)"
726,-119.4176137,33.75001379,"(33.750013794815,-119.417613657523)"
727,-119.584286,33.7500131,"(33.7500131025323,-119.584286014989)"
728,-119.7509566,33.75001264,"(33.7500126434564,-119.750956556841)"
729,-119.9176254,33.75001166,"(33.750011659425,-119.917625424407)"
730,-120.0842957,33.75000978,"(33.7500097777016,-120.084295675589)"
731,-120.2509699,33.7500074,"(33.7500074038168,-120.250969900094)"
732,-120.4176471,33.75000595,"(33.7500059464933,-120.417647123797)"
733,-120.5843234,33.75000531,"(33.7500053114321,-120.584323406134)"
734,-120.7509965,33.75000541,"(33.7500054108692,-120.75099650608)"
735,-120.9176683,33.75000559,"(33.7500055936732,-120.917668322745)"
736,-121.0843391,33.75000604,"(33.7500060350542,-121.084339081186)"
737,-117.8018175,33.52331966,"(33.5233196606886,-117.801817486482)"
738,-117.9278531,33.55724488,"(33.5572448820976,-117.927853104851)"
739,-118.084513,33.58306944,"(33.5830694381718,-118.084513043097)"
740,-118.2509029,33.58335707,"(33.5833570710247,-118.250902850021)"
741,-118.4175749,33.58335666,"(33.5833566627699,-118.417574942813)"
742,-118.5842476,33.58335605,"(33.5833560467847,-118.584247610067)"
743,-118.7509211,33.58335538,"(33.5833553801568,-118.750921142902)"
744,-118.9175951,33.58335514,"(33.5833551384458,-118.917595117484)"
745,-119.084268,33.58335477,"(33.5833547709405,-119.084267967107)"
746,-119.2509397,33.5833541,"(33.5833540960542,-119.250939674676)"
747,-119.4176113,33.58335344,"(33.5833534377971,-119.417611315562)"
748,-119.5842827,33.58335255,"(33.5833525542701,-119.584282748504)"
749,-119.7509536,33.5833515,"(33.5833515038818,-119.750953582188)"
750,-119.9176238,33.5833501,"(33.5833500951769,-119.917623808046)"
751,-120.0842952,33.5833483,"(33.5833483045263,-120.084295183898)"
752,-120.250969,33.58334631,"(33.5833463135654,-120.250968958553)"
753,-120.4176445,33.58334491,"(33.5833449141596,-120.417644507427)"
754,-120.5843194,33.58334394,"(33.583343938062,-120.584319431357)"
755,-120.7509924,33.58334363,"(33.583343629248,-120.750992372902)"
756,-117.615173,33.37354649,"(33.3735464935958,-117.615172963642)"
757,-117.7558613,33.41057047,"(33.4105704650379,-117.755861266712)"
758,-117.9175577,33.41669511,"(33.4166951120256,-117.917557725414)"
759,-118.0842299,33.41669449,"(33.4166944878104,-118.084229883323)"
760,-118.2500464,33.41755447,"(33.4175544734303,-118.250046377702)"
761,-118.4132585,33.44670612,"(33.4467061236824,-118.413258539482)"
762,-118.5889928,33.41214849,"(33.4121484892004,-118.588992825298)"
763,-118.7509221,33.41669418,"(33.4166941794529,-118.750922108468)"
764,-118.9175952,33.4166938,"(33.4166938045651,-118.917595232846)"
765,-119.0847073,33.41614594,"(33.4161459399543,-119.084707304456)"
766,-119.2509379,33.41669313,"(33.4166931289414,-119.25093792379)"
767,-119.4176085,33.41669279,"(33.4166927872868,-119.417608498452)"
768,-119.5842793,33.41669188,"(33.4166918791424,-119.584279340251)"
769,-119.7509505,33.41669038,"(33.416690379117,-119.750950507137)"
770,-119.9176219,33.41668869,"(33.4166886875397,-119.917621949378)"
771,-120.0842943,33.41668693,"(33.4166869297223,-120.084294291532)"
772,-120.2509678,33.4166851,"(33.4166850966203,-120.250967791288)"
773,-120.417642,33.41668359,"(33.4166835884981,-120.41764199913)"
774,-120.5843158,33.41668247,"(33.4166824713012,-120.584315798439)"
775,-120.7509884,33.41668192,"(33.416681921006,-120.750988448174)"
776,-121.4176829,33.83333214,"(33.8333321387567,-121.417682905139)"
777,-121.0843333,33.50000702,"(33.5000070234122,-121.084333349171)"
801,-117.4541917,33.22166951,"(33.2216695088322,-117.454191742072)"
802,-117.5842509,33.24999663,"(33.249996631115,-117.584250909773)"
803,-117.7508854,33.25003438,"(33.2500343778121,-117.750885358369)"
804,-117.9175575,33.25003304,"(33.2500330442509,-117.917557492146)"
805,-118.0842301,33.25003214,"(33.2500321362308,-118.084230083516)"
806,-118.2485861,33.24778074,"(33.247780736731,-118.248586055198)"
807,-118.419744,33.24398296,"(33.2439829578979,-118.419744012452)"
808,-118.5842492,33.25003163,"(33.2500316272048,-118.584249241555)"
809,-118.7509216,33.25003142,"(33.2500314190119,-118.750921616233)"
810,-118.9175939,33.25003139,"(33.2500313941185,-118.917593924227)"
811,-119.0842652,33.25003138,"(33.2500313769497,-119.084265190559)"
812,-119.2509355,33.25003146,"(33.2500314603769,-119.250935457056)"
813,-119.412067,33.25123541,"(33.2512354135771,-119.412066997013)"
814,-119.5908994,33.24938838,"(33.2493883793427,-119.590899448369)"
815,-119.7509475,33.25002874,"(33.2500287359653,-119.750947549113)"
816,-119.9176198,33.250027,"(33.2500270029045,-119.917619816113)"
817,-120.0842927,33.25002531,"(33.250025311377,-120.084292708073)"
818,-120.2509659,33.25002359,"(33.2500235865897,-120.250965916178)"
819,-120.4176395,33.25002211,"(33.2500221117029,-120.417639457436)"
820,-120.5843125,33.25002094,"(33.2500209446742,-120.5843125236)"
821,-117.3152219,33.04465429,"(33.0446542854286,-117.315221883397)"
822,-117.4188621,33.08211902,"(33.0821190188583,-117.418862075135)"
823,-117.5842125,33.08337342,"(33.0833734249395,-117.584212542217)"
824,-117.7508852,33.08337223,"(33.0833722330042,-117.750885167231)"
825,-117.9175575,33.08337067,"(33.0833706744985,-117.91755752547)"
826,-118.0842302,33.08336934,"(33.0833693411691,-118.08423017548)"
827,-118.2509029,33.08336837,"(33.0833683742477,-118.250902891718)"
828,-118.4175758,33.08336765,"(33.0833676490764,-118.417575766392)"
829,-118.5844112,33.08623571,"(33.086235707111,-118.584411197467)"
830,-118.7509205,33.08336777,"(33.0833677739848,-118.750920474094)"
831,-118.9175921,33.08336824,"(33.0833682406805,-118.917592140459)"
832,-119.0842631,33.08336871,"(33.0833687070694,-119.084263057036)"
833,-119.2509332,33.08336892,"(33.0833689236367,-119.25093319045)"
834,-119.4176031,33.0833689,"(33.0833688985248,-119.417603098835)"
835,-119.5842734,33.08336811,"(33.0833681072371,-119.584273440916)"
836,-119.750945,33.08336651,"(33.0833665078314,-119.750944957654)"
837,-119.9176178,33.08336503,"(33.0833650251214,-119.917617791069)"
838,-120.0842911,33.08336354,"(33.0833635416803,-120.084291058031)"
839,-120.250964,33.08336192,"(33.0833619166651,-120.250963982727)"
840,-120.4176369,33.08336039,"(33.0833603915858,-120.417636890846)"
841,-120.5843094,33.08335916,"(33.0833591579555,-120.584309406986)"
842,-117.2982995,32.91470079,"(32.9147007933711,-117.298299496185)"
843,-117.4175412,32.91671264,"(32.9167126447058,-117.417541184049)"
844,-117.584213,32.9167114,"(32.9167114032578,-117.584213042268)"
845,-117.7508852,32.91670978,"(32.9167097782108,-117.750885217357)"
846,-117.9175576,32.91670804,"(32.9167080448813,-117.917557550464)"
847,-118.0842301,32.91670638,"(32.9167063783536,-118.084230083812)"
848,-118.2509028,32.91670503,"(32.9167050282535,-118.250902767035)"
849,-118.4060949,32.93180573,"(32.9318057268578,-118.406094934447)"
850,-118.5943258,32.91136604,"(32.9113660430128,-118.59432582809)"
851,-118.7509191,32.91670449,"(32.9167044862037,-118.750919124286)"
852,-118.9175904,32.91670509,"(32.9167050860368,-118.917590423846)"
853,-119.084261,32.91670569,"(32.9167056856471,-119.084260973837)"
854,-119.2509311,32.91670584,"(32.9167058439946,-119.250931115804)"
855,-119.4176013,32.91670573,"(32.9167057273638,-119.417601265986)"
856,-119.5842719,32.91670505,"(32.9167050526784,-119.584271874968)"
857,-119.7509435,32.91670386,"(32.9167038614545,-119.750943466676)"
858,-119.9176163,32.91670275,"(32.9167027534667,-119.917616291362)"
859,-117.1472088,32.68104955,"(32.6810495468207,-117.147208807318)"
860,-117.2808656,32.73760139,"(32.7376013924646,-117.280865635164)"
861,-117.4175414,32.75005032,"(32.7500503218827,-117.417541366898)"
862,-117.5842131,32.75004906,"(32.7500490636277,-117.584213125389)"
863,-117.7508851,32.75004741,"(32.7500474137273,-117.750885058662)"
864,-117.9175572,32.75004557,"(32.7500455720796,-117.917557200245)"
865,-118.0842296,32.75004391,"(32.750043905612,-118.084229633391)"
866,-118.2509023,32.75004258,"(32.7500425805308,-118.250902308177)"
867,-118.4179748,32.74543628,"(32.745436277038,-118.417974824408)"
868,-118.5842467,32.75004114,"(32.7500411382915,-118.584246732543)"
869,-118.7509177,32.75004154,"(32.7500415380684,-118.750917748962)"
870,-118.9175885,32.75004208,"(32.7500420796876,-118.91758847377)"
871,-119.084259,32.75004261,"(32.7500426128863,-119.084258957116)"
872,-119.2509292,32.75004277,"(32.7500427712716,-119.250929249005)"
873,-119.4175998,32.75004259,"(32.750042587908,-119.417599765847)"
874,-119.5842707,32.75004193,"(32.7500419298928,-119.58427070794)"
875,-119.7509425,32.75004103,"(32.7500410301772,-119.750942474596)"
876,-119.9176147,32.75004,"(32.7500399970692,-119.917614707844)"
877,-117.143295,32.58632982,"(32.5863298211642,-117.143294992082)"
878,-117.2508681,32.58339024,"(32.5833902419806,-117.250868124922)"
879,-117.4175407,32.58338805,"(32.5833880475942,-117.417540683147)"
880,-117.5842125,32.58338656,"(32.5833865641069,-117.584212499901)"
881,-117.7508843,32.58338503,"(32.5833850308389,-117.750884333321)"
882,-117.9175563,32.58338331,"(32.5833833142976,-117.917556300038)"
883,-118.0842286,32.58338167,"(32.5833816727784,-118.084228591444)"
884,-118.2509009,32.58338038,"(32.5833803810631,-118.250900899434)"
885,-118.4175733,32.58337926,"(32.5833792561398,-118.4175732576)"
886,-118.5842449,32.58337859,"(32.5833785889197,-118.584244923761)"
887,-118.7509157,32.58337881,"(32.5833788054891,-118.750915690385)"
888,-118.9175864,32.58337917,"(32.5833791719633,-118.917586373675)"
889,-119.0842567,32.58337946,"(32.5833794633971,-119.08425671535)"
890,-119.2509272,32.58337959,"(32.5833795884506,-119.250927157228)"
891,-119.4175978,32.58337944,"(32.583379438609,-119.417597790721)"
892,-119.5842691,32.58337884,"(32.5833788389333,-119.584269107653)"
893,-119.7509408,32.58337794,"(32.5833779389109,-119.75094084087)"
894,-119.9176127,32.58337705,"(32.5833770473253,-119.917612715853)"
895,-120.9176545,33.16668367,"(33.1666836670532,-120.917654480642)"
896,-120.2509589,32.74990296,"(32.7499029562386,-120.250958913567)"
897,-119.0842544,32.41678946,"(32.4167894566573,-119.084254398751)"
916,-117.2508664,32.41672734,"(32.4167273386891,-117.250866432801)"